duration,bytes_sent,bytes_received,packets_sent,packets_received,port,protocol,failed_logins,num_connections,label
0.36,102668,472,482,1,443,1,0,243,1
2.81,3423,7779,9,28,3306,0,0,12,0
1.06,6244,7230,21,16,443,0,0,9,0
2.4,7055,7550,18,37,3306,0,0,9,0
0.77,96107,327,473,2,80,1,0,230,1
14.32,4303,12970,26,26,443,0,0,1,0
10.23,5322,8477,14,27,443,0,0,12,0
0.82,3643,8544,21,34,443,0,0,9,0
0.41,2725,8151,17,35,3306,1,0,11,0
2.19,6056,7092,8,23,443,1,0,4,0
4.83,4642,10505,29,14,22,2,0,6,0
0.88,4088,8624,12,35,8080,0,0,9,0
6.92,7633,10207,24,37,53,0,0,6,0
8.38,4859,7329,16,33,22,0,0,8,0
0.47,123097,232,455,7,443,0,0,216,1
0.34,6059,5892,17,22,22,0,0,3,0
0.74,4476,6343,20,31,3306,0,0,11,0
5.16,4580,13143,22,13,3306,0,0,10,0
13.62,7447,4889,25,41,80,1,0,9,0
2.76,3866,6821,18,35,80,2,0,12,0
1.25,3611,6207,19,37,8080,2,0,10,0
0.05,144,114,1,1,26989,0,0,149,1
3.21,6495,11641,14,22,8080,1,0,8,0
0.01,222,128,3,1,7890,1,0,149,1
2.89,2724,9289,18,26,3306,0,0,11,0
1.6,4324,7388,26,40,443,0,0,10,0
3.74,5802,8293,17,30,22,1,0,12,0
2.23,3984,9654,20,16,80,0,0,8,0
13.76,5330,8297,11,13,53,2,0,10,0
0.02,202,110,2,0,24480,0,0,187,1
3.65,4635,8855,22,30,22,2,0,15,0
0.48,5828,6287,21,33,53,0,0,9,0
15.69,3332,7016,23,24,3306,0,0,7,0
18.15,5579,6263,17,14,53,0,0,6,0
0.35,5065,8003,12,31,443,0,0,13,0
1.13,4435,7444,23,30,80,0,0,10,0
5.24,5065,10003,29,37,3306,1,0,9,0
4.38,4709,6841,15,40,53,0,0,11,0
21.82,6448,9144,22,37,3306,2,0,10,0
0.16,5630,5224,18,27,53,0,0,11,0
14.71,3677,7359,13,23,443,0,0,9,0
0.27,6826,10363,20,28,53,0,0,2,0
0.17,6258,5745,31,28,8080,0,0,11,0
14.93,6671,11597,27,22,53,0,0,10,0
0.46,5484,5300,24,26,3306,0,0,9,0
10.5,5938,8071,23,36,22,0,0,7,0
0.24,107757,623,499,8,443,0,0,176,1
0.58,103128,625,573,4,443,1,0,212,1
0.14,169,71,5,0,37227,0,0,165,1
0.96,6335,6117,27,43,8080,2,0,6,0
5.24,4021,10778,16,31,22,0,0,12,0
10.13,5425,13871,19,18,80,0,0,12,0
0.48,4971,8711,22,30,443,0,0,14,0
1.14,3288,7556,27,16,443,0,0,8,0
2.03,4197,12165,20,33,443,0,0,8,0
1.6,4834,9493,26,25,8080,0,0,12,0
2.09,170,167,5,4,22,0,25,37,1
0.15,5140,8138,30,25,3306,0,0,8,0
10.33,3304,5693,18,17,80,0,0,12,0
0.45,6262,12551,23,35,53,0,0,10,0
0.12,3551,9506,20,37,8080,1,0,11,0
4.04,7165,7082,23,25,22,0,0,4,0
4.71,7064,7269,25,41,22,0,0,13,0
1.41,4811,7644,20,26,22,0,0,11,0
5.83,3361,8951,13,31,80,0,0,1,0
6.56,4269,6952,23,38,80,0,0,10,0
4.36,4046,4171,12,32,8080,1,0,6,0
5.0,4703,8622,24,38,8080,0,0,10,0
0.2,109733,523,481,2,443,0,0,196,1
2.16,1691,8978,20,44,8080,2,0,8,0
5.45,6398,7608,20,20,80,0,0,13,0
0.8,4464,11198,19,43,443,0,0,8,0
1.13,86166,516,406,11,80,2,0,218,1
0.28,119645,578,569,5,80,1,0,160,1
0.97,5172,7175,7,23,53,0,0,7,0
9.52,2295,6214,25,28,8080,0,0,8,0
0.07,240,69,2,0,3517,1,0,135,1
1.28,6628,9165,13,18,8080,0,0,10,0
10.47,3349,7326,19,26,8080,1,0,8,0
13.36,2679,8975,26,37,8080,2,0,10,0
0.12,7010,10606,20,39,53,0,0,9,0
3.91,4464,8398,18,35,22,1,0,9,0
7.23,2966,6144,17,31,3306,0,0,13,0
11.95,5074,9006,17,19,53,1,0,11,0
2.58,5957,10713,15,36,3306,0,0,8,0
0.13,5858,8700,15,36,8080,0,0,10,0
2.63,4604,8502,17,17,3306,0,0,7,0
11.57,4236,7556,11,18,80,1,0,12,0
0.16,5291,8889,19,29,80,0,0,12,0
1.5,5928,6053,22,17,3306,0,0,13,0
2.95,5934,9443,20,41,22,1,0,9,0
3.45,4713,5819,14,39,3306,0,0,7,0
17.0,5031,5968,16,15,80,0,0,14,0
0.01,180,90,2,1,17843,0,0,137,1
3.72,6139,6588,28,27,443,0,0,11,0
1.8,435,285,4,5,22,0,19,44,1
8.3,5298,6224,18,32,53,1,0,4,0
0.42,3346,6625,29,26,443,0,0,13,0
0.38,4714,6543,24,32,443,0,0,10,0
0.12,315,109,2,1,47118,0,0,164,1
5.94,4926,6308,15,32,22,0,0,7,0
5.5,3559,11271,17,43,80,0,0,15,0
5.29,4344,7318,22,29,80,0,0,8,0
1.11,4422,8454,16,29,443,2,0,8,0
4.63,4227,9490,16,40,8080,0,1,7,0
2.99,5783,7107,18,26,443,0,0,12,0
2.78,6343,9343,21,20,53,0,0,10,0
14.6,6754,5827,15,37,443,2,1,6,0
0.34,118809,547,429,0,443,1,0,223,1
9.1,4767,6303,21,36,8080,0,0,9,0
0.89,3983,4976,20,40,443,0,0,9,0
6.68,6682,7612,21,26,53,2,0,7,0
12.59,6103,8720,20,25,22,1,0,8,0
0.37,4794,8068,27,27,80,0,0,8,0
0.6,2970,6350,25,32,443,0,0,8,0
0.44,6783,4049,15,43,80,2,0,12,0
1.17,3897,6972,14,22,80,2,0,12,0
4.59,7500,7649,13,39,80,0,0,14,0
0.69,2901,8713,21,27,53,0,0,6,0
1.45,4463,6981,18,32,3306,1,1,8,0
3.85,3060,6060,29,23,3306,0,0,10,0
3.43,5664,8100,22,25,3306,0,0,8,0
0.7,7359,7487,16,34,80,0,0,9,0
1.12,6462,7750,17,21,80,0,0,9,0
6.85,6633,6742,15,36,53,0,0,8,0
17.52,4073,7108,28,13,443,0,0,8,0
4.34,2230,9029,10,33,80,0,0,15,0
1.6,339,317,5,4,22,0,19,41,1
4.54,3610,9890,22,18,80,0,0,11,0
7.57,6016,8658,13,32,3306,1,0,8,0
0.18,245,105,1,1,50612,0,0,145,1
3.42,5918,7034,16,31,3306,0,0,6,0
4.83,3924,7660,19,12,8080,0,0,7,0
3.5,6759,11338,19,33,443,0,0,14,0
2.33,6018,7537,18,21,80,0,0,8,0
0.19,3576,8653,15,27,8080,0,0,9,0
0.98,129516,486,498,6,443,2,0,204,1
5.89,2597,9646,12,34,53,1,0,5,0
6.47,4884,5619,19,32,443,1,1,10,0
0.02,5752,8270,26,10,3306,1,0,11,0
0.09,3708,10523,9,31,22,0,0,10,0
9.16,5652,10391,14,31,3306,1,1,7,0
6.79,1873,4622,16,34,53,0,0,11,0
5.94,4690,8766,16,29,53,0,1,7,0
0.15,7298,9185,27,26,443,0,0,10,0
2.63,402,402,4,4,22,0,18,54,1
0.65,102008,331,549,2,443,2,0,162,1
2.08,111,56,5,2,22,0,18,46,1
0.53,118862,401,512,2,443,1,0,236,1
5.24,3590,8397,25,29,53,0,0,9,0
1.35,3185,5191,15,27,3306,0,0,14,0
0.41,84017,609,546,4,443,2,0,185,1
6.11,3506,9704,27,39,8080,0,0,13,0
7.35,6454,7700,15,24,22,0,0,8,0
3.88,8422,9112,19,34,53,0,0,14,0
0.83,5738,11896,19,50,8080,0,0,10,0
2.56,4009,7365,19,28,22,1,0,4,0
1.49,7579,8571,9,29,8080,0,0,8,0
6.47,5284,10857,19,35,3306,0,0,9,0
0.17,5451,9478,26,39,443,0,0,11,0
0.44,68928,507,582,7,443,1,0,215,1
12.28,2120,8002,26,24,443,1,0,11,0
1.62,5699,6576,22,29,8080,0,1,10,0
0.24,6722,10662,25,35,443,0,0,10,0
1.19,5284,3226,6,30,8080,1,0,8,0
0.01,124794,505,474,6,443,2,0,214,1
1.86,2049,8168,16,28,53,0,0,14,0
4.99,4875,7346,16,38,80,0,0,15,0
0.77,4059,14304,29,29,8080,0,0,13,0
3.77,4843,6570,21,35,80,0,0,9,0
0.05,5334,8372,30,26,53,1,0,7,0
0.04,240,38,2,0,56058,0,0,146,1
1.96,3526,7558,26,22,8080,0,0,9,0
3.98,5113,6373,15,21,8080,0,0,11,0
0.22,470,6642,18,4,443,0,0,15,0
4.07,3569,7305,20,22,443,1,0,10,0
0.51,5220,8840,27,28,443,2,0,8,0
0.97,3109,9980,23,37,8080,1,0,14,0
0.3,3682,10184,24,28,3306,0,1,15,0
2.04,4177,6907,19,22,22,0,0,15,0
4.78,5045,9318,26,30,22,0,0,15,0
7.94,5349,6943,19,35,3306,0,0,7,0
11.79,4917,6536,15,24,22,0,0,14,0
0.03,203,117,2,1,6286,1,0,116,1
1.51,193,350,6,3,22,0,22,52,1
1.6,4260,6821,24,29,53,0,0,11,0
3.67,3278,10080,25,28,53,1,0,11,0
2.99,4058,6789,24,30,443,0,0,12,0
21.67,2842,8702,11,25,80,0,0,9,0
0.12,163,121,2,0,13171,1,0,181,1
6.58,6843,6955,13,19,80,0,0,6,0
6.12,6200,4621,22,39,22,0,0,12,0
6.33,4206,5317,20,23,53,0,0,7,0
15.0,2621,10786,19,19,80,2,0,13,0
2.44,244,204,1,4,22,0,21,51,1
3.7,6781,9565,27,22,80,0,0,10,0
2.35,4081,6059,20,31,3306,1,0,9,0
1.21,96456,636,431,5,443,1,0,244,1
2.89,7958,5177,20,31,8080,1,0,9,0
1.96,2372,9947,19,29,80,0,0,8,0
3.0,4052,8768,28,34,443,1,0,10,0
8.52,6327,10368,19,31,80,1,0,9,0
3.9,6039,10107,21,19,22,0,0,9,0
0.7,4411,5199,13,28,53,0,0,4,0
0.09,236,107,2,0,50156,1,0,152,1
3.9,5584,6067,16,30,22,2,0,11,0
14.38,4572,9565,24,18,22,0,0,7,0
17.51,3036,9567,18,22,8080,1,0,12,0
1.74,4707,12030,21,26,53,0,0,10,0
0.93,5400,8069,8,33,443,0,0,13,0
5.26,3958,8032,13,38,22,0,0,8,0
2.32,6605,8056,20,47,53,0,0,15,0
7.29,6345,9372,16,9,53,1,0,10,0
10.54,2195,12554,25,30,80,0,0,8,0
2.43,2729,8318,29,31,8080,1,0,4,0
1.32,227,111,6,3,22,0,20,38,1
1.03,4844,10631,20,17,8080,0,0,14,0
1.8,414,328,6,6,22,0,17,60,1
2.52,3555,11247,8,36,3306,1,0,12,0
7.77,7692,4508,26,51,80,0,0,14,0
1.17,4899,10299,14,22,22,2,0,12,0
0.53,5769,3835,17,23,8080,0,0,8,0
1.72,284,158,5,4,22,0,19,42,1
6.6,4736,10125,14,44,80,0,0,6,0
2.74,3898,10292,25,18,22,0,0,12,0
0.06,6651,7485,22,37,3306,0,0,8,0
1.39,5882,7873,26,37,3306,0,0,6,0
10.39,4046,11270,24,50,443,0,0,11,0
0.75,7988,6309,15,45,53,2,0,14,0
0.09,5482,7590,15,27,443,1,0,10,0
2.05,5127,6520,10,28,80,0,0,10,0
2.88,6252,4506,17,34,443,2,0,9,0
4.55,6452,5294,13,26,53,0,0,9,0
5.89,6755,5059,14,26,53,2,0,10,0
1.63,5733,10905,18,21,3306,1,0,4,0
0.03,7459,8644,20,40,53,2,0,6,0
5.06,5754,7305,20,30,22,0,0,4,0
3.52,4106,6838,22,40,80,0,0,10,0
1.33,446,134,4,4,22,0,18,55,1
0.07,2755,8648,12,42,53,0,0,9,0
3.03,6590,6381,12,27,53,0,0,11,0
0.99,3921,11327,21,43,80,1,0,11,0
0.04,161,51,2,2,52080,1,0,118,1
3.19,3277,9752,20,29,3306,0,0,8,0
4.2,4648,8028,26,16,3306,0,0,8,0
0.49,107020,583,503,4,80,2,0,187,1
4.46,5649,9168,18,45,8080,1,0,8,0
5.12,6780,4745,17,52,443,1,0,10,0
0.08,185,88,3,0,23015,1,0,137,1
6.47,4793,8558,23,31,8080,0,0,8,0
0.98,5146,6454,31,27,22,0,0,16,0
4.81,6005,9190,14,39,80,1,0,10,0
0.89,5671,7355,18,29,80,0,0,11,0
1.42,4825,7102,20,19,8080,0,0,8,0
0.37,4220,9227,15,32,80,0,0,9,0
7.24,4500,10093,22,30,3306,0,0,12,0
15.07,4734,9291,8,23,53,0,0,10,0
5.15,5751,6310,22,34,53,0,0,9,0
1.98,4007,7008,19,37,80,0,0,16,0
1.02,7062,6561,19,25,80,0,0,10,0
8.1,6722,9789,19,33,8080,0,0,13,0
0.42,4025,5253,22,37,80,0,0,7,0
3.96,4725,6352,19,28,22,0,0,11,0
0.23,5361,8277,15,29,3306,1,0,7,0
0.17,173,57,2,0,42589,1,0,130,1
1.49,479,201,6,3,22,0,19,52,1
5.96,6589,3927,33,17,80,1,0,9,0
1.29,6825,8146,20,28,443,0,0,9,0
4.96,5714,5697,22,41,443,0,0,11,0
0.34,7306,7877,19,38,443,1,0,10,0
0.37,2643,10650,19,30,8080,0,0,11,0
0.06,243,118,4,1,12547,1,0,147,1
1.56,2992,5211,18,47,53,0,0,12,0
0.09,110,78,2,1,22454,1,0,165,1
3.58,1682,7042,19,30,8080,0,0,8,0
0.02,206,123,1,0,58553,0,0,186,1
17.42,6210,9724,11,26,53,0,0,7,0
5.57,4738,6876,13,35,80,0,0,7,0
1.82,5235,10180,14,29,22,1,0,9,0
2.49,5590,9255,19,33,80,0,0,13,0
6.04,5774,6903,20,27,8080,1,0,8,0
1.66,2648,8813,29,30,443,0,0,9,0
0.89,114862,437,570,6,443,1,0,187,1
14.11,4759,8514,21,22,443,0,0,7,0
7.4,6378,4043,15,23,3306,0,0,14,0
11.79,4291,7881,14,33,22,2,0,10,0
4.81,6429,8485,27,31,80,2,0,12,0
8.45,6620,6104,19,36,3306,0,0,10,0
1.33,7115,9543,19,39,80,0,0,8,0
0.15,228,122,3,0,14240,1,0,167,1
28.47,4174,10622,19,18,8080,0,0,12,0
10.46,3649,7411,31,29,443,1,0,9,0
1.89,4116,8435,22,38,443,0,0,13,0
8.38,2834,11357,26,25,80,2,0,8,0
20.8,4175,7932,23,45,8080,1,0,8,0
7.17,3538,8078,29,22,80,0,0,10,0
0.2,5747,7462,13,36,3306,0,0,8,0
0.71,4088,8067,17,32,80,0,0,10,0
10.9,5737,5624,16,35,8080,0,0,13,0
0.95,4867,7213,22,14,3306,0,0,16,0
3.28,3474,7834,22,34,22,1,0,9,0
10.35,5855,6082,26,50,22,0,0,2,0
1.87,5551,6364,23,31,3306,0,0,11,0
1.03,4462,3216,25,16,443,1,0,9,0
7.46,3801,8001,24,23,443,2,0,13,0
0.64,93090,617,464,3,80,0,0,205,1
1.42,174,282,4,3,22,0,18,55,1
2.2,1671,8688,20,40,443,1,0,2,0
4.24,3806,9009,28,44,3306,0,0,14,0
6.27,6169,5046,15,22,22,0,0,8,0
1.79,283,206,5,3,22,0,14,39,1
8.09,5542,6296,27,32,3306,2,0,5,0
0.19,5139,5256,9,26,8080,1,0,10,0
2.65,2195,8162,21,33,22,1,0,9,0
3.23,8480,9080,10,21,80,0,0,9,0
2.18,4986,13629,27,24,22,0,0,6,0
0.07,114317,501,443,3,80,2,0,231,1
3.7,3539,5167,17,42,8080,2,0,9,0
1.9,2947,5983,29,24,443,0,1,6,0
4.0,5869,8136,12,26,22,0,0,12,0
2.04,5754,6508,24,38,443,0,0,13,0
1.16,4581,6389,24,34,8080,0,0,11,0
8.5,4538,4630,25,40,443,1,0,13,0
0.45,7662,8987,17,27,8080,0,0,15,0
0.1,102563,466,578,3,443,0,0,230,1
0.07,4960,7871,12,31,80,2,0,2,0
10.03,6185,10711,18,15,3306,0,0,11,0
16.37,4603,7038,30,24,8080,0,0,14,0
0.49,1841,7960,20,42,8080,1,0,8,0
6.61,5507,6163,15,33,80,1,0,6,0
5.36,4066,6435,23,27,443,0,0,16,0
1.45,5189,10300,23,26,53,1,0,8,0
2.23,6303,10193,16,27,22,1,0,7,0
1.78,374,170,4,3,22,0,19,40,1
0.83,7744,11462,9,42,53,0,0,8,0
1.86,3567,7321,30,21,8080,0,0,12,0
0.59,119492,410,543,4,80,1,0,187,1
1.77,5699,6627,20,36,8080,1,0,12,0
14.12,8101,8026,17,33,8080,0,0,12,0
0.4,4822,6543,15,31,3306,1,0,12,0
0.19,6217,9081,17,24,22,0,0,8,0
1.45,6335,8946,19,38,80,0,0,6,0
0.15,4176,9957,12,35,80,0,0,7,0
16.04,7641,6482,14,31,443,2,0,9,0
7.37,4952,7699,18,20,53,0,0,11,0
8.72,2603,7231,24,32,22,0,0,12,0
3.01,4927,8395,19,39,22,0,0,10,0
1.92,5781,8098,20,23,443,0,0,9,0
10.26,3273,5827,22,27,22,1,0,11,0
0.11,7929,5005,23,17,80,2,0,15,0
1.38,362,138,2,4,22,0,9,52,1
8.03,6710,4327,12,29,53,0,0,10,0
5.28,4630,8451,20,41,80,0,0,9,0
1.32,5627,5889,15,45,22,0,0,10,0
1.82,271,161,3,3,22,0,18,35,1
0.45,6079,6028,31,25,443,0,0,14,0
4.84,5801,7606,19,24,8080,0,0,5,0
1.84,104,226,11,5,22,0,13,42,1
7.82,5087,3656,16,31,80,0,0,11,0
1.04,4379,5186,18,35,443,0,0,9,0
1.07,81183,533,455,7,80,2,0,162,1
2.83,6191,7405,19,21,22,1,0,10,0
3.1,6048,9882,15,30,22,1,0,9,0
4.88,6028,5456,25,28,22,0,0,8,0
0.14,113698,562,498,5,443,0,0,265,1
2.95,2180,9678,25,24,8080,0,0,8,0
6.88,3754,10413,14,37,8080,2,0,13,0
9.18,6595,9311,22,30,3306,0,0,10,0
7.38,5101,4914,15,17,443,0,0,10,0
7.51,3811,8036,15,28,53,1,0,6,0
11.26,6022,5298,21,16,443,0,0,10,0
0.04,122415,457,541,2,80,0,0,198,1
0.29,4611,7528,22,17,443,0,0,8,0
3.02,3623,3003,21,32,22,0,0,8,0
0.21,5769,9991,17,28,53,0,0,8,0
0.87,3383,7604,26,25,22,0,0,11,0
3.09,4523,7045,15,21,53,0,0,8,0
5.09,4637,10404,21,39,443,0,0,8,0
0.08,84689,616,563,0,80,1,0,203,1
9.46,7542,7004,19,28,3306,0,0,9,0
0.43,3477,9587,16,53,3306,0,0,8,0
1.97,4655,10459,17,47,53,1,0,8,0
0.65,6828,9010,10,45,443,1,0,9,0
5.07,3994,7697,11,23,443,0,0,8,0
6.68,4790,9378,26,34,3306,1,1,12,0
4.79,9039,7885,15,20,3306,0,0,5,0
1.41,3935,5919,21,27,8080,0,0,8,0
9.16,3257,7038,15,44,8080,0,0,13,0
2.33,4889,8205,13,28,443,0,0,9,0
1.68,5293,9068,19,17,3306,0,0,2,0
2.63,6330,5687,24,26,80,0,0,4,0
6.14,6025,7501,13,33,443,2,0,10,0
8.46,5895,6868,24,36,80,2,0,11,0
4.16,7019,6765,12,23,53,1,0,8,0
1.09,2031,11711,26,40,3306,0,0,9,0
3.49,6140,5655,30,50,22,0,0,6,0
14.33,5758,8479,26,35,443,2,0,9,0
1.95,5301,8529,17,34,8080,0,0,5,0
7.69,6747,6723,20,29,443,0,0,7,0
4.8,3411,8052,21,32,53,0,0,12,0
3.45,3613,5627,16,25,80,0,0,10,0
1.39,7072,8446,19,41,22,0,1,7,0
0.17,66193,345,499,8,443,2,0,179,1
1.21,5724,10288,21,21,8080,0,0,11,0
11.53,3608,6009,11,33,8080,0,0,10,0
4.47,2177,6580,14,26,443,0,0,9,0
4.38,5010,3873,20,31,443,0,0,8,0
5.75,3709,7093,11,38,8080,0,0,9,0
6.29,5147,10702,28,16,8080,1,0,14,0
8.41,3707,6717,16,39,8080,0,0,13,0
3.15,6411,5559,13,20,22,0,0,14,0
2.49,4103,11018,27,24,3306,1,0,14,0
2.63,5771,5734,22,29,22,0,0,16,0
0.03,5605,5760,15,34,3306,0,0,7,0
0.2,71893,551,503,5,443,0,0,185,1
5.14,4546,11919,18,34,8080,2,0,14,0
2.54,6511,8017,16,35,22,0,0,8,0
4.62,6738,3851,20,40,3306,0,0,6,0
3.39,2813,6898,22,30,22,0,0,9,0
20.95,2716,8553,17,19,53,0,0,13,0
1.95,5390,7609,16,34,22,1,0,8,0
14.96,6276,9499,20,30,8080,1,0,5,0
0.51,6467,8437,21,29,8080,0,0,9,0
10.5,2745,8776,22,36,53,0,0,10,0
0.01,222,33,2,1,64705,1,0,169,1
5.27,3115,9713,14,22,8080,1,0,8,0
0.14,159,148,4,1,25595,0,0,146,1
8.64,5290,7525,22,22,22,1,0,13,0
2.44,7757,3367,19,31,443,0,0,10,0
2.91,3840,9136,21,30,443,0,0,7,0
1.32,2403,8785,22,31,22,0,0,8,0
0.61,3651,8328,22,30,80,0,0,12,0
0.1,80900,536,492,3,80,0,0,214,1
1.49,3419,7084,22,51,3306,0,0,12,0
5.07,2986,7004,21,28,443,0,0,10,0
3.53,5222,5732,29,26,53,1,0,9,0
1.02,3530,7450,29,32,8080,1,0,5,0
0.01,199,135,3,0,42119,0,0,167,1
4.88,4030,6950,21,46,3306,1,0,7,0
2.08,3799,7080,15,24,3306,0,0,10,0
1.02,7806,9745,21,34,22,0,0,9,0
1.17,5227,6067,13,23,53,0,0,12,0
0.1,107814,595,575,7,443,0,0,146,1
2.05,291,151,3,4,22,0,19,38,1
19.57,5887,10543,20,44,22,0,0,5,0
4.43,5636,9253,18,39,80,2,1,12,0
13.8,4664,9716,19,42,53,0,0,7,0
0.06,300,103,5,0,36643,1,0,145,1
15.49,4156,9900,11,25,80,0,0,15,0
4.46,3508,4219,15,32,3306,1,0,4,0
3.2,5272,7659,23,24,80,0,0,9,0
1.49,6152,6861,13,22,443,0,0,11,0
2.16,4657,7514,24,21,22,0,0,7,0
11.15,4641,10058,32,35,8080,0,0,9,0
0.23,4961,7955,24,29,3306,2,0,11,0
4.19,5325,10332,32,33,3306,1,0,10,0
2.06,5430,5154,24,27,3306,0,0,7,0
0.15,5729,10096,28,28,3306,1,0,16,0
0.29,5000,9267,27,24,22,1,0,10,0
7.04,2175,7326,19,41,443,1,0,9,0
2.83,7226,8988,18,34,3306,0,0,10,0
3.45,4654,6627,19,43,443,0,0,8,0
1.18,6136,8315,25,32,53,0,0,10,0
0.11,127695,414,586,3,443,0,0,187,1
0.22,3061,6859,19,30,22,0,0,2,0
5.27,2904,7524,23,31,22,0,0,11,0
4.52,8084,7893,20,38,8080,0,0,7,0
8.2,6481,4914,15,25,8080,0,0,9,0
0.32,5201,5474,19,33,3306,0,0,9,0
16.25,4747,9899,23,24,53,0,0,12,0
0.82,2677,8038,14,35,53,1,0,12,0
1.55,265,318,5,4,22,0,28,56,1
12.0,3485,10292,11,24,80,0,0,13,0
3.7,5693,8406,16,37,53,0,0,11,0
0.1,245,96,2,1,53018,0,0,136,1
4.61,6540,11369,16,21,80,0,0,11,0
11.44,7060,4062,14,31,53,1,0,8,0
5.18,4196,8993,8,19,80,0,0,5,0
7.84,5983,8695,23,24,3306,0,0,6,0
8.87,4245,4126,23,31,80,1,0,8,0
8.24,4412,5713,16,32,8080,2,0,9,0
0.49,5542,7204,17,23,8080,0,0,11,0
3.56,5119,6448,19,26,8080,0,0,11,0
3.3,7391,13001,14,26,53,0,0,11,0
5.68,5731,9142,18,30,3306,0,1,13,0
7.57,3886,11185,14,33,443,1,0,8,0
9.29,6703,7896,33,37,443,0,0,10,0
1.84,3304,8385,19,42,3306,0,0,10,0
0.46,5067,8330,23,31,443,0,0,11,0
0.21,7492,10255,15,25,53,1,0,9,0
3.48,7116,8975,20,28,8080,0,0,7,0
0.03,57402,534,439,5,443,2,0,196,1
1.32,4672,8257,28,23,22,0,0,12,0
2.46,5957,10018,26,28,8080,0,0,12,0
0.35,6992,7631,15,41,22,0,0,10,0
2.38,200,64,1,3,22,0,28,33,1
0.35,6280,9402,14,18,8080,0,0,11,0
0.14,174,76,4,1,21990,0,0,141,1
3.16,6406,9266,15,38,3306,0,0,10,0
0.55,90788,495,513,4,443,1,0,212,1
1.79,3787,7583,22,47,80,1,0,13,0
15.16,5299,3559,10,28,22,1,0,9,0
1.54,3936,7619,25,38,80,0,0,10,0
7.58,5583,7731,25,30,3306,0,0,8,0
0.81,301,118,2,3,22,0,32,49,1
3.13,4950,6063,13,27,8080,0,0,7,0
0.15,188,105,2,0,46391,0,0,102,1
2.46,6584,10233,17,30,53,0,0,4,0
10.6,4311,7816,22,35,443,0,0,12,0
3.84,4864,7683,17,35,8080,2,0,11,0
4.72,3004,12392,23,26,22,0,0,6,0
3.35,5292,5005,21,26,22,0,0,13,0
3.41,4417,8383,16,32,80,0,0,9,0
13.09,6068,7917,20,15,443,1,0,9,0
5.9,5501,9616,19,24,8080,1,0,8,0
6.1,8617,12784,19,26,53,0,0,12,0
0.77,2444,9737,22,26,3306,0,0,14,0
3.91,3872,7431,18,41,8080,0,0,14,0
1.85,274,210,5,4,22,0,19,50,1
28.04,5262,4065,30,34,53,1,0,9,0
1.87,163,354,2,2,22,0,18,55,1
1.4,3096,5642,26,37,53,1,0,2,0
7.92,2742,5914,22,30,22,2,0,6,0
1.5,6705,8557,25,21,3306,0,0,11,0
3.39,4468,7778,15,17,8080,2,0,6,0
1.57,6834,6688,20,35,443,0,0,9,0
5.36,6557,6976,22,22,8080,0,0,6,0
5.51,4845,6970,12,32,22,0,0,10,0
9.01,3850,9106,18,19,80,0,1,14,0
0.37,1204,9920,23,22,53,0,0,15,0
1.02,4520,7031,18,32,8080,1,0,12,0
17.44,6314,7080,24,35,22,0,0,11,0
0.0,216,146,3,0,65255,0,0,182,1
1.22,5640,5133,17,27,443,2,0,12,0
28.04,4250,7051,15,33,8080,1,0,8,0
0.57,5488,9101,20,26,8080,0,0,7,0
0.95,6116,7988,19,34,22,0,0,9,0
1.39,5156,4913,22,19,53,0,0,11,0
10.0,5901,6603,21,39,443,0,0,8,0
0.06,164,113,2,0,48856,1,0,127,1
13.34,6082,5602,11,26,443,0,0,13,0
0.6,94776,535,491,1,443,0,0,186,1
5.39,3398,7681,27,34,80,0,0,12,0
0.13,161,79,1,0,18033,0,0,143,1
0.55,4445,9391,18,31,53,0,0,12,0
7.49,3609,8528,16,27,443,0,1,6,0
0.38,1925,10142,17,18,443,0,0,1,0
2.71,4845,8637,31,37,80,0,0,9,0
0.81,3460,4596,24,41,80,1,0,10,0
8.83,5583,6030,21,25,8080,0,0,12,0
3.04,6221,7504,20,30,8080,2,0,9,0
8.21,1046,5988,19,27,443,1,0,10,0
1.15,4206,7753,22,32,8080,0,0,10,0
0.96,3372,7571,25,19,80,2,0,10,0
0.03,220,126,1,0,27350,0,0,147,1
8.5,5749,4896,16,23,22,1,0,13,0
0.11,166,142,2,0,20581,0,0,120,1
2.28,4946,8573,10,18,8080,0,0,9,0
5.38,5005,8720,25,47,80,2,0,8,0
0.74,3593,7374,17,36,80,0,0,13,0
12.99,5612,9360,12,25,53,0,0,10,0
2.41,204,51,9,4,22,0,17,51,1
10.78,5542,8403,18,27,8080,0,0,6,0
6.69,5115,10324,25,31,443,0,0,5,0
3.64,4927,6696,30,35,53,0,0,2,0
0.61,86808,438,483,8,80,1,0,173,1
0.41,2377,7568,11,24,22,0,0,8,0
9.71,5554,6114,25,20,80,0,0,6,0
3.67,5564,4999,17,10,53,0,0,10,0
3.63,5433,6552,18,7,80,1,0,7,0
3.91,4687,7379,17,27,443,0,0,7,0
1.83,1771,10053,29,23,80,1,0,9,0
0.64,4061,10386,20,34,3306,0,0,12,0
0.33,4824,9512,22,31,3306,2,0,8,0
2.28,258,321,3,3,22,0,25,70,1
5.38,6988,9467,20,19,80,0,0,12,0
0.68,119196,645,503,6,443,2,0,177,1
3.8,4356,7166,19,35,22,0,0,12,0
6.17,3923,9741,20,31,443,1,0,3,0
16.47,6562,9778,33,19,8080,0,0,8,0
8.09,5291,7716,24,15,22,0,0,3,0
4.92,1629,8316,26,28,3306,0,0,11,0
1.19,4578,8103,23,16,443,1,0,11,0
7.57,4921,7874,23,37,3306,1,0,9,0
0.23,1341,8378,15,39,53,0,0,8,0
0.48,5428,11780,30,43,22,0,0,10,0
5.51,5673,7119,14,38,53,0,0,13,0
16.44,2506,6543,17,21,80,0,1,8,0
0.02,183,21,4,1,56001,1,0,134,1
17.45,3973,4858,21,30,8080,0,0,6,0
1.42,1869,5510,13,15,8080,1,0,12,0
9.95,3935,8702,21,20,3306,1,0,7,0
6.06,4589,9239,20,37,53,0,0,8,0
4.96,8966,8120,28,28,53,0,0,6,0
12.32,6335,8291,24,25,53,0,0,13,0
18.9,4323,8310,26,28,80,0,0,9,0
1.07,4736,7879,29,33,8080,1,0,9,0
0.11,114550,614,475,3,80,0,0,238,1
7.24,9302,6315,17,29,443,0,0,6,0
3.65,3663,4413,23,31,8080,0,0,7,0
0.8,88148,357,603,4,443,0,0,178,1
6.25,4729,6307,11,29,443,0,0,7,0
2.47,5491,6174,16,31,8080,0,0,10,0
3.66,5164,13836,16,34,3306,0,0,12,0
0.04,252,122,2,0,23100,0,0,163,1
3.11,5323,7751,22,21,22,1,0,11,0
4.6,4967,8465,14,17,3306,0,0,7,0
2.63,3363,8279,16,20,80,0,0,9,0
6.47,7088,5208,8,20,3306,0,0,14,0
10.93,5610,5900,22,16,80,2,0,11,0
1.43,6976,3827,19,12,80,0,0,8,0
0.96,3270,7907,16,41,443,0,0,7,0
11.32,3616,9640,34,27,80,0,0,7,0
3.22,4645,10120,29,27,80,0,0,12,0
0.69,5648,9815,21,26,22,0,0,4,0
2.12,1205,11208,14,46,53,0,0,13,0
8.06,5469,5739,17,39,3306,0,0,12,0
10.26,4242,9180,23,26,80,0,0,6,0
9.07,6535,9155,13,35,80,0,0,15,0
0.59,3415,8618,18,28,443,2,0,12,0
0.16,245,138,4,1,31269,1,0,162,1
0.42,5502,5925,20,36,80,0,0,13,0
3.0,3455,8614,24,35,3306,0,0,5,0
8.51,5680,9462,22,33,22,0,0,13,0
0.49,4681,9133,25,15,22,0,0,6,0
5.12,5365,8623,23,26,53,1,1,15,0
2.68,3494,6071,13,31,443,0,0,13,0
1.78,392,146,5,7,22,0,13,46,1
10.76,4013,9406,17,36,8080,1,1,11,0
2.65,153,316,7,3,22,0,19,47,1
4.01,3215,7874,15,20,53,2,1,7,0
5.07,3398,8915,21,15,22,0,0,12,0
0.15,208,155,2,0,43476,0,0,183,1
1.62,311,168,5,2,22,0,9,49,1
4.03,6350,5948,13,31,53,0,0,10,0
1.93,302,97,1,4,22,0,16,48,1
1.59,4127,6287,19,22,80,1,0,9,0
0.38,103041,445,462,4,80,0,0,225,1
5.57,4886,5936,23,51,53,2,0,9,0
0.55,5705,8246,22,16,22,0,0,11,0
0.82,85434,545,546,3,443,0,0,169,1
3.12,5000,9401,20,24,3306,0,0,11,0
0.07,166,132,3,0,62209,0,0,152,1
0.27,183,91,3,0,501,0,0,142,1
6.67,7621,5221,11,38,80,0,0,9,0
1.7,5128,7165,28,22,443,2,0,12,0
1.11,3997,8093,22,24,3306,1,0,7,0
2.21,9789,9469,7,21,8080,0,0,8,0
5.45,4024,6934,16,27,80,0,0,7,0
1.53,3571,12763,11,21,443,0,0,6,0
6.89,4154,8046,21,32,3306,0,0,11,0
7.16,5859,8972,27,25,80,0,0,10,0
2.49,191,315,4,5,22,0,9,58,1
5.99,4012,8920,18,26,80,2,0,10,0
3.54,7980,3828,25,40,53,0,0,11,0
1.49,7209,9086,22,29,53,0,0,7,0
0.03,4159,5783,25,31,53,0,1,17,0
7.9,4725,9463,24,45,80,2,0,7,0
0.05,6429,12084,18,48,8080,0,0,13,0
2.09,5708,9324,20,42,8080,0,0,8,0
3.68,2697,4306,23,21,53,0,0,10,0
0.15,5904,8463,16,33,22,0,0,13,0
0.12,7937,8344,22,18,80,0,0,8,0
14.48,4778,8159,12,27,53,0,0,11,0
7.45,1806,6190,18,35,443,0,0,11,0
1.25,3470,3539,6,29,80,0,0,13,0
10.91,945,6828,19,30,3306,0,0,13,0
1.2,3496,4939,15,19,3306,0,0,10,0
0.3,5766,8091,16,34,22,2,0,12,0
0.75,5260,8762,19,18,80,0,0,14,0
0.82,6854,6590,12,35,443,0,0,7,0
7.93,4798,7096,26,46,53,1,1,9,0
0.3,5744,7242,16,26,22,1,0,6,0
0.77,110165,668,530,4,443,0,0,182,1
20.7,4990,6975,30,28,3306,0,0,11,0
1.97,2655,8222,28,1,22,1,0,10,0
1.0,6023,10535,12,21,53,2,0,7,0
1.31,4444,5214,22,12,3306,1,0,12,0
5.45,6972,7955,24,19,22,0,0,6,0
8.35,3775,10702,18,23,53,2,0,8,0
23.01,4368,10848,13,31,80,0,0,14,0
11.55,4324,8535,15,34,22,0,0,10,0
5.02,4197,10025,21,40,53,1,0,7,0
2.09,3680,8946,16,14,22,0,0,9,0
3.83,5324,9715,17,34,8080,1,0,11,0
2.2,4283,7116,17,28,53,1,0,7,0
13.76,2628,9309,33,43,443,0,0,12,0
12.09,5393,9923,33,31,3306,1,0,9,0
1.47,6370,6922,34,41,80,0,0,1,0
0.08,88326,427,364,1,443,1,0,175,1
0.03,231,66,2,1,23319,0,0,159,1
3.8,2823,8419,33,14,53,0,0,6,0
15.56,2728,9487,21,33,3306,0,0,3,0
4.73,5440,8641,18,24,3306,0,0,17,0
1.72,6267,7632,29,40,53,0,0,12,0
2.86,5056,8835,17,41,80,0,0,7,0
5.97,4841,9521,8,40,53,0,0,14,0
2.99,5490,5802,23,21,443,1,1,6,0
9.23,4073,6817,24,32,443,0,0,7,0
5.32,5524,9385,20,31,443,1,0,11,0
0.33,4394,8533,23,26,53,0,0,14,0
24.02,4078,6733,33,27,8080,1,0,10,0
0.91,5596,2335,19,25,3306,1,0,11,0
7.33,3189,10645,20,45,443,0,0,8,0
1.29,3442,6261,18,27,22,0,0,12,0
8.29,4662,7910,14,26,22,2,0,7,0
0.4,194,118,4,0,13799,1,0,108,1
0.04,213,113,1,1,40164,0,0,161,1
11.42,6039,8578,9,35,22,0,0,10,0
2.58,376,142,3,3,22,0,23,50,1
5.83,3131,7562,17,32,443,0,0,2,0
7.93,5693,8727,20,39,53,1,0,6,0
0.62,2930,11281,28,25,443,0,0,15,0
12.17,3903,9654,16,28,80,0,0,4,0
0.31,112017,606,466,6,80,0,0,201,1
0.17,102195,446,449,8,80,1,0,158,1
0.29,2588,8045,19,27,3306,0,0,8,0
2.22,5727,9192,16,38,8080,0,0,13,0
0.17,124587,393,527,2,80,1,0,190,1
0.34,5643,8142,25,35,443,0,0,9,0
0.59,7183,7788,18,42,3306,0,0,10,0
3.52,1769,6692,20,14,8080,0,0,8,0
0.01,163,98,2,0,10456,0,0,150,1
0.63,4302,9775,20,28,80,0,0,10,0
18.06,4356,3848,20,28,3306,1,0,7,0
1.48,5829,10074,30,20,443,0,0,12,0
13.26,5479,4008,24,21,3306,0,0,16,0
0.27,101354,508,498,3,443,1,0,219,1
4.24,4389,10906,16,42,8080,0,0,4,0
1.22,237,142,5,2,22,0,27,41,1
7.16,6333,6774,21,18,8080,0,0,12,0
18.62,4624,9182,17,22,53,1,0,6,0
0.88,6113,7977,22,35,53,0,0,6,0
3.72,6526,8400,21,25,22,0,0,10,0
6.52,4395,6952,20,22,80,0,0,11,0
1.7,318,92,3,3,22,0,21,56,1
0.04,101593,649,497,9,80,0,0,137,1
7.16,6846,5622,28,26,22,1,0,11,0
1.15,68755,434,534,1,443,1,0,230,1
4.22,4074,10255,17,36,3306,1,0,9,0
2.98,4382,8587,18,41,443,1,0,9,0
3.28,7079,10197,18,38,22,1,0,5,0
2.52,5257,8492,19,30,22,0,0,13,0
2.1,324,336,4,3,22,0,20,60,1
4.94,9139,9913,20,45,53,1,0,8,0
0.87,4123,8465,17,27,22,0,0,5,0
5.25,5028,8961,26,20,3306,0,0,6,0
0.57,4272,8038,28,28,22,0,0,10,0
4.2,5291,6480,15,33,443,2,0,12,0
9.31,7637,9663,11,33,22,0,0,8,0
7.65,4605,8415,21,29,3306,0,0,11,0
14.98,5967,9537,13,35,8080,0,0,13,0
1.24,5474,9330,20,32,443,2,0,6,0
25.7,4855,6467,25,32,443,0,0,7,0
1.37,7323,8675,17,34,443,0,0,8,0
2.15,5117,4735,21,35,80,0,0,9,0
0.4,4679,10043,16,29,22,0,0,11,0
2.44,349,333,3,3,22,0,24,58,1
13.58,4897,7837,19,41,22,1,0,12,0
2.64,7129,11737,12,26,53,0,0,11,0
5.14,5750,7545,15,26,3306,0,0,10,0
7.0,3882,8721,14,46,22,1,0,11,0
10.56,6607,2171,18,20,53,0,0,9,0
0.03,221,110,1,0,55761,0,0,144,1
11.51,4575,13078,20,34,8080,1,0,7,0
1.91,384,249,2,2,22,0,20,47,1
6.71,6730,4801,20,37,3306,1,0,10,0
2.09,3714,5756,11,24,22,0,0,5,0
3.01,3564,8352,12,32,53,1,0,10,0
5.43,8086,10014,18,21,80,2,0,9,0
1.88,310,451,4,4,22,0,16,48,1
2.49,263,150,5,2,22,0,23,40,1
0.68,6898,10181,34,22,53,0,0,8,0
3.01,2131,11057,14,26,443,0,0,12,0
0.69,5247,9237,17,24,8080,0,0,7,0
3.91,7076,7959,14,25,53,0,0,8,0
9.22,7786,6501,23,39,443,0,0,9,0
17.77,4707,9174,22,21,443,0,0,6,0
1.54,268,144,1,4,22,0,21,48,1
0.14,72815,367,524,2,80,2,0,196,1
4.58,4581,7683,29,33,80,0,0,9,0
0.38,4037,11846,22,32,80,0,0,12,0
4.29,6817,8808,9,47,8080,1,0,7,0
8.55,3905,8800,23,22,3306,0,0,3,0
7.49,4445,9826,24,22,8080,0,0,7,0
0.81,7845,9319,19,29,53,0,0,5,0
7.33,4237,9719,18,14,22,0,0,12,0
4.68,3476,11840,28,29,443,2,0,10,0
19.87,7222,7392,7,32,80,0,0,7,0
5.35,7199,8937,15,35,22,1,0,9,0
2.42,5975,6030,18,28,22,0,0,14,0
22.03,6427,8959,16,28,53,1,0,15,0
0.0,281,135,2,0,51623,1,0,170,1
7.98,5933,8252,14,29,53,0,0,5,0
4.67,4866,8872,19,39,3306,1,0,5,0
0.44,7385,3597,13,35,22,1,0,10,0
0.15,82942,437,477,5,443,1,0,210,1
1.09,7632,8062,18,22,443,0,0,8,0
8.65,4708,11346,28,42,3306,0,0,9,0
14.48,5285,9046,21,40,80,0,0,13,0
2.54,4611,10786,12,40,80,1,0,10,0
0.72,4507,7599,22,38,3306,0,0,7,0
2.16,4761,6692,18,34,22,0,0,8,0
2.05,452,252,6,4,22,0,28,55,1
8.49,2044,6778,19,13,22,0,0,10,0
1.74,6024,8214,22,20,80,0,0,13,0
4.37,7230,8577,14,35,22,1,0,11,0
5.37,4839,11229,15,38,80,0,0,10,0
6.25,5678,7929,26,30,80,1,0,9,0
0.69,6292,5338,22,38,443,0,0,17,0
2.02,205,221,7,3,22,0,15,60,1
0.09,179,133,3,1,39188,0,0,154,1
1.0,3010,3563,18,25,443,0,0,9,0
23.05,6345,8195,15,26,22,1,0,7,0
3.78,3553,3501,23,39,443,1,0,12,0
11.85,6577,7152,18,41,53,0,0,9,0
2.55,6853,8446,17,31,3306,0,0,11,0
5.54,5237,7698,19,22,53,0,0,9,0
2.88,4713,5920,18,30,80,0,0,7,0
2.69,194,150,4,6,22,0,22,42,1
5.94,5969,9448,15,26,22,0,0,9,0
8.17,5997,8856,22,39,8080,0,0,7,0
2.39,191,195,6,4,22,0,21,58,1
1.7,122,189,3,3,22,0,20,33,1
2.17,175,78,1,4,22,0,24,51,1
0.27,3209,10592,23,32,8080,0,0,11,0
5.85,3354,9061,22,24,3306,0,0,7,0
1.47,383,210,6,3,22,0,30,61,1
9.83,2892,7971,22,24,80,1,0,9,0
2.77,316,262,4,3,22,0,13,37,1
17.71,3332,7556,25,33,53,0,0,8,0
5.95,6690,11307,16,36,22,0,0,12,0
7.16,605,9952,14,36,80,0,0,13,0
11.84,5319,9185,24,34,80,0,0,12,0
1.63,5346,6506,15,17,8080,0,0,11,0
0.96,6212,10139,18,17,443,0,0,12,0
1.3,878,9264,20,43,53,0,0,7,0
1.5,5005,1659,25,26,443,0,0,10,0
0.51,5129,7207,27,31,22,0,0,10,0
0.58,4516,8145,20,24,80,0,0,3,0
9.68,6034,9360,24,19,443,0,0,7,0
2.08,5565,9075,16,38,53,0,0,14,0
6.16,5694,8991,18,42,8080,1,0,9,0
0.03,222,122,3,1,29273,0,0,138,1
2.9,617,9208,18,34,80,2,0,15,0
6.85,6244,7841,22,26,443,1,0,12,0
2.44,331,102,1,2,22,0,16,46,1
28.56,5831,8157,23,27,3306,0,0,12,0
7.09,4111,6219,12,29,3306,0,0,8,0
0.36,3143,8274,25,32,3306,2,0,5,0
2.07,6462,3645,18,41,3306,1,0,12,0
0.04,189,102,1,1,62639,0,0,161,1
2.26,159,126,3,3,22,0,15,40,1
0.57,2864,12698,22,34,8080,0,0,4,0
5.4,6965,6521,26,52,53,1,0,7,0
5.64,7295,8268,26,28,53,0,0,12,0
5.97,4683,7204,13,26,22,2,0,7,0
6.3,4721,9912,18,41,80,0,0,8,0
0.21,99277,539,539,5,80,2,0,189,1
1.49,5029,8004,17,34,3306,0,0,10,0
3.02,4300,7588,24,44,80,1,1,15,0
4.49,5537,10650,26,23,443,0,0,6,0
0.03,128189,468,495,9,80,1,0,145,1
4.11,3484,3231,18,18,8080,0,0,12,0
4.62,4617,6128,18,33,3306,0,0,11,0
1.5,2252,7641,12,31,443,0,0,8,0
2.57,6912,6322,21,23,53,0,0,12,0
1.73,6785,6760,21,21,8080,1,0,9,0
2.32,5430,9207,12,34,443,0,0,5,0
7.42,2540,9965,17,33,22,1,0,12,0
4.52,5265,10143,15,39,80,1,0,6,0
4.8,6808,8480,13,31,3306,1,0,8,0
3.05,355,137,1,3,22,0,29,47,1
4.85,4555,7429,15,24,53,2,0,8,0
2.53,5033,8615,27,27,8080,0,0,8,0
13.84,5513,8068,21,28,8080,0,0,18,0
0.31,90982,389,486,3,443,1,0,197,1
0.32,263,83,2,1,51468,1,0,130,1
15.58,4191,5889,20,39,53,0,0,9,0
3.42,6097,6601,19,36,443,2,0,9,0
0.42,118542,325,536,0,443,2,0,212,1
0.4,3021,10043,27,44,22,1,0,4,0
11.26,3570,6418,21,24,3306,0,0,14,0
0.68,4991,6474,17,30,443,0,0,8,0
3.62,6478,7713,14,31,22,0,0,11,0
0.35,86225,502,487,6,443,2,0,224,1
4.23,2996,5451,23,20,53,0,0,10,0
0.89,6311,8897,25,27,80,0,0,10,0
4.94,7993,5385,10,36,8080,0,1,9,0
3.65,7438,6482,11,19,53,0,0,12,0
0.13,88448,581,534,1,80,2,0,177,1
16.88,5957,7066,25,26,3306,0,0,5,0
0.53,7727,8201,26,42,443,1,0,7,0
10.86,4089,7444,17,26,443,2,0,11,0
2.44,4068,9096,10,26,3306,0,0,17,0
3.43,5710,8336,22,22,80,0,0,7,0
0.22,202,92,3,0,36438,0,0,171,1
0.9,4201,5641,18,28,8080,0,0,10,0
1.58,6216,6421,26,31,80,2,0,9,0
0.04,73981,465,523,4,80,1,0,156,1
0.19,103043,500,415,5,80,1,0,172,1
0.16,160,59,4,2,62675,0,0,177,1
1.99,4139,7223,14,29,53,0,0,13,0
3.61,4971,9915,16,33,22,0,0,11,0
9.37,7511,5846,26,43,8080,0,0,12,0
0.0,202,133,3,1,19349,1,0,107,1
2.06,5208,3644,24,36,22,0,0,8,0
0.78,5614,7719,18,23,53,0,1,10,0
0.15,203,102,1,0,9075,1,0,126,1
0.92,7281,9939,16,25,8080,0,0,7,0
2.57,7382,6917,23,30,22,2,0,4,0
7.72,5295,8772,18,42,3306,0,1,9,0
8.04,6082,9028,23,25,80,0,0,14,0
0.17,5443,6387,16,24,443,0,0,5,0
0.85,3341,5219,16,42,22,0,0,3,0
2.3,388,137,6,2,22,0,18,60,1
0.18,8079,10798,14,24,443,0,0,10,0
6.45,4904,5840,21,28,80,0,0,10,0
0.04,192,58,3,0,5268,1,0,149,1
3.27,5977,8135,23,26,22,0,0,9,0
13.14,6281,12309,29,20,8080,0,0,13,0
1.23,5444,4910,12,19,443,0,0,8,0
0.11,159,154,4,1,5539,1,0,159,1
2.84,4444,10003,25,25,22,0,0,9,0
0.52,7624,5286,10,23,8080,0,0,11,0
0.12,4262,10620,28,32,53,0,0,7,0
6.95,2340,9030,20,18,443,1,0,10,0
5.02,5152,7888,25,22,8080,0,0,8,0
0.33,6330,6327,26,38,80,1,0,10,0
0.19,112698,621,483,9,80,1,0,170,1
0.42,3781,7292,9,38,8080,0,0,7,0
8.65,5239,11217,23,42,443,0,0,16,0
0.7,80672,471,517,1,443,0,0,162,1
5.64,4293,7716,27,39,8080,0,0,18,0
5.27,3845,9461,24,35,8080,2,0,7,0
2.48,6432,10244,19,22,443,2,0,16,0
1.45,2981,10114,14,28,3306,0,0,15,0
7.1,4301,7528,18,34,80,0,0,5,0
6.58,4660,4319,19,36,53,0,0,7,0
0.43,4225,10058,28,30,53,1,0,7,0
0.8,6073,6529,15,28,80,0,0,8,0
0.31,6164,6009,23,20,53,0,0,15,0
0.51,5009,9165,23,38,443,0,0,9,0
14.09,7598,5169,22,32,8080,0,0,9,0
0.5,6977,7971,23,23,22,0,0,8,0
0.11,7179,9513,15,17,80,1,0,14,0
6.75,3921,7752,20,22,3306,0,0,9,0
9.32,6651,5641,25,32,443,0,0,13,0
1.68,5351,8668,22,21,22,0,0,1,0
5.34,5117,4974,21,43,8080,0,0,12,0
0.42,6131,7057,21,29,3306,0,0,12,0
8.31,4024,8365,25,32,53,1,0,7,0
0.13,109542,568,459,7,443,0,0,181,1
0.56,4124,8153,18,28,22,0,0,11,0
0.08,4521,7671,35,19,3306,0,0,8,0
0.2,7384,8512,31,25,80,1,0,9,0
12.35,5057,6807,19,24,22,0,0,9,0
2.22,280,341,9,2,22,0,22,48,1
6.8,1849,7924,22,34,80,0,0,15,0
8.03,4674,4357,11,24,3306,0,0,12,0
5.34,3751,9752,22,26,80,0,0,12,0
0.01,215,128,2,0,50671,1,0,110,1
2.26,5836,8168,12,23,22,2,0,8,0
2.98,4773,4220,26,26,53,0,0,8,0
12.22,5662,10343,11,39,53,1,0,12,0
0.43,99941,415,415,5,80,2,0,188,1
5.92,2723,9509,17,31,53,0,0,14,0
3.88,7012,7023,18,37,3306,1,0,8,0
1.74,3937,5565,17,23,443,0,0,13,0
4.26,5134,8726,20,26,22,2,0,9,0
0.02,205,70,1,0,46709,1,0,165,1
0.21,5758,9217,22,26,8080,0,0,10,0
8.2,4805,6466,15,30,3306,2,0,10,0
2.89,6190,7985,18,18,443,0,0,5,0
3.49,6588,9308,16,21,53,0,0,13,0
2.53,5395,6477,15,23,53,1,0,15,0
8.02,4723,7492,11,39,22,0,0,9,0
3.99,6421,10894,23,35,22,1,0,9,0
2.43,422,271,3,3,22,0,18,34,1
1.01,5773,10148,23,20,80,0,0,12,0
0.07,208,78,3,1,47486,0,0,123,1
1.0,5051,5840,14,26,3306,2,0,12,0
1.42,5439,7879,23,29,80,2,0,14,0
0.42,89872,381,435,3,443,1,0,110,1
7.37,3621,6243,26,41,3306,0,0,8,0
2.35,6045,6887,19,18,80,0,0,12,0
14.47,2138,7152,23,36,22,0,0,10,0
10.31,7246,10584,26,36,443,0,0,12,0
0.2,7556,8482,17,19,443,0,0,6,0
2.68,4790,7223,13,32,3306,0,0,7,0
1.9,488,151,5,4,22,0,18,48,1
3.94,4185,7816,15,30,80,0,0,4,0
7.99,4518,6392,9,35,53,0,0,7,0
12.93,6199,9586,17,30,53,0,0,10,0
3.42,6377,7393,23,43,53,0,0,15,0
3.28,3581,9517,14,24,80,0,0,8,0
5.66,6108,4723,16,31,3306,1,0,15,0
1.27,5694,9436,16,27,80,0,0,7,0
30.91,4092,7309,15,18,3306,1,0,10,0
2.79,6046,6534,27,37,8080,0,0,9,0
0.67,4056,6806,26,37,3306,1,0,4,0
4.05,7565,5303,20,34,22,0,0,6,0
6.9,4886,7678,20,40,80,0,0,6,0
0.17,110230,513,467,4,443,1,0,155,1
1.37,6664,6326,16,37,80,0,0,9,0
1.36,6660,5128,20,32,53,0,0,11,0
9.53,4213,6985,27,32,3306,2,0,4,0
10.09,5252,6659,17,37,80,0,0,9,0
10.34,3783,7405,25,43,443,0,0,14,0
11.05,4386,9531,26,28,22,1,0,12,0
3.09,8070,10237,25,40,80,1,0,6,0
5.9,4851,10067,20,31,443,0,0,10,0
2.24,2933,7799,12,30,80,2,0,13,0
5.19,5854,7205,22,26,8080,1,0,8,0
0.09,5358,4776,20,40,443,1,0,8,0
1.6,5944,5460,24,37,8080,0,0,14,0
0.49,3886,4457,21,36,80,0,0,17,0
2.12,7234,2738,18,29,80,2,0,12,0
0.38,5314,11197,10,16,3306,0,0,13,0
7.77,6223,7742,17,39,8080,1,0,14,0
2.71,338,141,5,4,22,0,19,60,1
0.4,5232,8786,15,30,3306,0,0,10,0
5.0,3605,9639,19,29,443,0,0,16,0
1.64,6029,7843,21,22,443,0,0,9,0
3.11,6795,7626,14,37,8080,0,0,10,0
3.66,5424,10550,13,28,3306,0,0,12,0
0.19,4714,8556,24,4,443,0,0,10,0
0.24,3785,3607,16,39,443,1,0,11,0
0.37,5211,6355,25,27,3306,0,0,6,0
1.25,5076,5235,20,21,3306,0,0,10,0
14.3,3728,7548,15,39,3306,0,0,10,0
4.08,3581,8619,17,21,443,0,0,10,0
7.14,6853,9519,19,28,53,0,0,7,0
5.16,3669,7927,15,23,22,2,0,12,0
0.17,185,111,3,0,34607,0,0,162,1
0.04,192,108,3,0,53868,0,0,137,1
2.35,1994,9392,20,24,80,1,0,9,0
2.63,4025,8583,20,37,22,0,0,14,0
1.9,234,263,7,3,22,0,23,59,1
18.57,7867,7486,23,28,53,1,0,11,0
2.81,3750,9304,23,29,80,0,0,5,0
0.19,82970,598,517,1,443,1,0,238,1
18.4,4210,6456,12,32,3306,2,0,8,0
2.25,1674,4994,23,26,22,1,0,8,0
1.86,235,96,2,3,22,0,18,40,1
2.34,192,163,8,3,22,0,13,41,1
1.02,6919,5520,8,28,8080,0,0,12,0
4.47,3325,6655,15,43,443,0,0,5,0
3.58,3364,5647,19,29,8080,0,0,14,0
5.71,5215,6572,24,25,8080,0,0,9,0
4.1,5510,4100,27,30,3306,0,0,7,0
5.06,4470,6348,25,33,443,0,0,15,0
8.83,513,5330,24,31,443,0,0,11,0
7.04,6709,12425,16,23,53,0,0,8,0
1.71,459,209,6,3,22,0,21,37,1
1.31,3436,6043,18,20,53,0,0,13,0
5.7,7442,11349,14,28,3306,0,0,11,0
0.09,168,83,3,1,9658,1,0,143,1
4.6,6605,8156,18,41,80,1,0,5,0
26.4,3362,7369,13,27,22,0,0,9,0
2.74,6885,6352,15,35,8080,0,0,13,0
3.19,6020,7880,16,12,22,0,0,12,0
0.03,7809,11795,28,51,443,1,0,9,0
2.87,5496,11378,23,32,22,0,0,6,0
1.63,405,320,6,4,22,0,14,43,1
5.95,5758,2321,15,36,22,0,0,12,0
0.13,7602,5566,20,16,8080,0,0,6,0
0.05,4550,8185,14,29,80,2,0,11,0
1.27,3795,8323,20,42,22,0,0,7,0
5.06,4177,2750,14,44,443,2,0,9,0
11.29,9706,7520,23,47,443,0,0,9,0
3.81,6331,7070,20,27,8080,0,0,6,0
1.2,4269,13510,23,20,3306,0,0,12,0
7.14,5507,7582,16,33,3306,0,0,14,0
3.9,7527,7900,15,28,53,0,1,9,0
1.95,4437,6941,23,34,443,0,0,6,0
3.49,5783,4945,23,38,3306,0,0,14,0
13.62,2335,9182,10,25,8080,0,0,7,0
0.27,215,132,2,1,8735,0,0,119,1
0.77,6322,5600,24,21,80,0,0,14,0
2.34,5336,6374,12,15,8080,1,0,12,0
0.26,5525,10130,19,37,80,0,0,10,0
4.49,6272,6716,13,22,443,0,0,12,0
6.13,6250,13098,16,23,22,0,0,9,0
3.54,7425,8050,16,24,3306,1,0,7,0
0.28,4766,4515,18,26,8080,0,0,13,0
2.29,7127,11147,5,24,443,0,0,10,0
3.9,4230,12687,28,24,8080,0,0,10,0
15.12,7474,8496,20,35,8080,0,0,14,0
0.27,4981,5816,21,21,443,1,1,11,0
0.04,118781,491,466,5,80,1,0,197,1
3.34,2928,9088,8,25,3306,0,0,12,0
11.16,5359,5333,24,30,8080,1,0,8,0
3.55,6651,4452,12,46,22,0,0,7,0
2.95,7367,5418,19,21,8080,0,0,6,0
1.22,120155,627,505,5,443,2,0,226,1
3.85,2949,7684,15,36,80,0,0,11,0
1.03,4346,7787,10,20,22,0,0,11,0
0.9,6791,10318,24,36,80,0,0,7,0
19.55,5318,6182,18,19,53,2,0,13,0
1.11,3898,6369,13,25,22,0,0,14,0
7.73,4996,6964,25,23,8080,2,0,12,0
4.49,4316,3617,24,31,3306,1,0,8,0
0.74,8132,7537,22,27,3306,0,0,8,0
3.88,4935,9091,27,45,53,1,0,12,0
0.25,751,12084,15,24,80,0,0,6,0
5.75,5703,6407,17,21,443,0,0,12,0
0.32,6759,8834,26,23,53,0,0,4,0
3.42,6355,5041,21,29,80,1,0,12,0
4.0,2652,10211,15,33,53,2,0,12,0
0.57,5629,11408,25,40,443,0,0,11,0
4.92,2321,4101,27,37,8080,0,0,12,0
0.4,2696,6099,15,41,80,0,0,15,0
5.86,5369,8959,24,37,3306,0,0,13,0
4.46,5666,6457,21,14,80,0,0,10,0
6.54,7176,11339,19,25,53,0,0,9,0
2.83,4263,3359,14,41,80,2,0,7,0
10.12,6908,9774,26,40,8080,0,0,8,0
1.04,6681,7169,17,36,22,0,0,11,0
1.65,5478,8362,11,29,3306,1,0,8,0
9.56,6688,9772,21,15,3306,0,0,6,0
4.51,5132,4924,20,25,3306,0,1,14,0
0.22,127193,398,518,5,80,0,0,199,1
13.93,3986,5282,19,25,8080,0,0,12,0
4.89,6314,9199,19,35,3306,2,0,5,0
0.89,103905,401,544,5,443,0,0,169,1
0.23,4562,8068,23,31,80,0,0,14,0
11.28,7059,6830,29,31,22,2,0,8,0
0.62,3424,11569,25,32,8080,1,1,15,0
1.0,4665,4962,22,38,8080,0,0,12,0
1.33,245,309,5,3,22,0,14,54,1
4.3,3965,6084,15,22,8080,0,0,12,0
0.24,208,112,3,0,3173,1,0,146,1
2.74,4129,5685,14,38,443,1,0,8,0
0.53,51905,493,533,5,443,0,0,200,1
2.59,318,115,4,3,22,0,21,32,1
2.67,1268,8913,16,32,80,0,0,7,0
0.46,8328,10701,17,41,53,0,0,8,0
10.88,4682,10726,25,33,22,0,0,12,0
1.95,1093,7816,14,27,80,0,0,7,0
12.91,8931,6501,20,28,443,0,1,11,0
11.49,7102,8252,14,33,443,2,0,11,0
2.53,6775,8214,31,18,53,0,0,10,0
2.53,7215,9371,29,29,22,0,0,13,0
10.05,4125,6734,18,30,3306,0,0,11,0
4.88,6544,9488,21,35,443,0,0,10,0
0.19,109386,373,488,1,80,1,0,189,1
4.02,3855,9700,15,34,443,2,0,10,0
0.07,213,70,2,0,34730,0,0,159,1
8.75,5655,9851,12,26,443,0,0,13,0
11.94,5952,6167,20,24,22,0,0,7,0
7.98,3362,6808,17,28,80,1,0,4,0
1.42,7423,8351,26,28,80,1,0,8,0
0.3,7239,7773,19,23,22,0,0,12,0
8.85,6219,11354,21,35,8080,0,0,16,0
10.13,5386,9422,23,39,443,0,0,11,0
6.6,5378,9927,18,22,22,1,0,5,0
2.39,6114,11698,13,12,22,1,0,10,0
1.27,5089,12339,21,10,53,0,0,17,0
0.6,4545,8290,19,30,80,0,0,10,0
0.47,5497,14486,22,24,3306,0,0,19,0
4.09,4538,8945,17,35,8080,1,0,10,0
3.04,4213,4768,31,18,8080,0,0,5,0
0.06,5723,10640,10,27,3306,2,0,8,0
4.17,7147,7603,14,37,443,1,0,9,0
1.59,5464,12649,9,26,3306,0,0,4,0
1.27,3577,7057,6,43,80,0,0,5,0
2.29,3242,7593,13,28,80,0,0,8,0
7.69,5386,8420,21,17,443,0,0,9,0
0.06,3387,7661,17,22,8080,0,0,13,0
9.88,5653,6296,16,34,8080,1,0,10,0
5.51,6573,4835,15,29,80,0,0,5,0
15.81,3871,11602,21,26,22,0,0,11,0
4.73,3791,7607,21,33,443,1,0,3,0
2.34,5527,3869,24,24,8080,1,0,6,0
5.58,3572,6685,16,29,8080,0,0,10,0
3.28,3493,6584,28,35,3306,1,0,15,0
0.76,5049,6785,22,30,3306,0,0,6,0
0.53,7033,9566,16,15,8080,0,0,9,0
20.67,6311,8558,26,24,8080,0,0,9,0
6.54,8093,7752,18,41,3306,1,0,11,0
2.56,347,247,4,4,22,0,16,45,1
6.41,6273,7196,20,29,53,0,0,9,0
1.63,283,146,3,4,22,0,15,55,1
4.56,5184,6440,13,22,443,0,0,12,0
2.83,6587,5034,24,19,3306,0,1,8,0
1.77,233,247,4,5,22,0,22,36,1
0.81,4919,4979,15,27,8080,0,0,9,0
8.25,4965,5484,12,35,443,0,0,11,0
0.02,169,107,4,0,47824,0,0,150,1
2.85,5082,9532,14,35,3306,2,0,7,0
5.25,5069,6441,20,41,443,1,0,10,0
0.21,6367,5055,26,36,3306,2,0,11,0
3.36,5128,11438,26,35,3306,0,0,9,0
0.82,5076,11276,19,24,3306,1,0,7,0
3.43,4759,9904,18,27,3306,0,0,9,0
3.72,4206,9808,15,25,3306,0,0,2,0
3.1,3085,10367,19,29,443,0,0,3,0
7.03,4666,7589,10,26,443,0,0,7,0
0.18,5162,8759,27,29,22,0,0,7,0
2.16,3542,10725,15,22,80,0,0,9,0
2.53,4907,5809,24,39,53,1,0,6,0
1.68,4028,9689,19,37,8080,0,0,10,0
0.93,5092,5554,21,40,53,0,0,9,0
0.34,3369,3956,17,21,80,0,0,11,0
5.47,4081,8825,13,27,80,0,0,13,0
0.79,408,287,4,3,22,0,20,60,1
6.23,8256,6049,23,50,443,2,0,11,0
3.13,3024,7170,19,35,22,1,0,5,0
0.88,5938,12776,25,35,443,1,0,10,0
4.04,2474,4934,15,25,80,0,0,13,0
6.09,5061,11117,22,15,8080,0,0,11,0
4.75,3451,3965,18,34,22,1,0,12,0
2.96,3232,5842,18,22,80,0,0,8,0
3.21,4835,4183,12,21,443,0,0,8,0
3.49,5269,7554,23,36,443,0,0,9,0
8.5,6136,8026,8,28,22,0,0,11,0
7.1,5829,6395,21,31,22,1,0,8,0
6.15,7902,5448,17,20,443,0,0,7,0
6.35,4655,8696,6,24,3306,0,0,10,0
0.22,5614,8712,16,38,53,1,0,11,0
1.39,7849,10704,21,29,80,0,0,7,0
3.26,3824,7457,21,27,3306,0,0,12,0
4.81,7831,7339,18,14,443,0,0,8,0
10.32,3697,7841,18,37,53,0,0,11,0
8.2,3518,5853,14,31,3306,1,0,14,0
32.03,5484,5897,21,29,8080,0,0,11,0
8.02,8247,6827,24,29,22,0,0,7,0
0.19,70460,480,481,6,80,0,0,190,1
0.14,250,79,3,0,40953,0,0,136,1
6.96,6030,12071,20,35,3306,0,0,15,0
3.59,3552,7341,17,30,443,1,0,10,0
0.04,138,102,4,0,24855,0,0,169,1
2.58,4941,9915,23,30,443,0,0,11,0
5.7,5574,9271,19,27,22,0,0,16,0
6.56,5912,5452,18,30,443,0,0,12,0
15.68,5642,8335,17,21,8080,0,0,10,0
0.08,170,94,4,1,27257,1,0,153,1
0.63,4979,8790,20,40,80,0,0,12,0
0.11,139,91,3,0,47201,0,0,145,1
5.04,5841,8858,20,19,53,0,0,10,0
1.57,3613,6577,21,26,443,1,0,8,0
1.37,298,218,6,4,22,0,22,63,1
1.08,4567,9820,19,37,3306,0,0,10,0
8.13,5701,5334,12,49,443,0,0,11,0
3.03,6098,8573,18,29,53,0,0,12,0
7.18,5051,8029,21,24,3306,0,0,5,0
2.31,3872,7348,19,39,3306,1,0,14,0
4.32,5494,7253,17,31,80,0,0,10,0
0.09,5038,9762,22,34,8080,0,0,9,0
0.27,101264,483,523,5,80,0,0,178,1
0.13,6956,7256,17,26,8080,1,0,9,0
1.13,220,276,3,3,22,0,17,63,1
0.89,3666,11068,21,30,3306,0,0,1,0
4.18,5262,7024,18,28,8080,2,0,13,0
2.2,6323,9595,17,23,22,0,0,13,0
1.59,4931,6844,12,22,443,0,0,9,0
0.53,3390,7307,23,19,8080,2,0,13,0
2.49,1156,7090,22,28,8080,1,0,13,0
9.19,2681,7490,23,27,22,0,0,9,0
3.85,4460,3256,21,19,3306,1,0,8,0
0.56,4373,9484,16,40,22,0,0,15,0
1.57,213,239,3,3,22,0,16,69,1
4.05,4089,6295,16,37,22,0,0,9,0
12.68,7300,12195,28,32,3306,0,0,4,0
6.37,4559,9362,26,28,443,1,0,13,0
13.99,4063,5815,19,34,8080,2,0,5,0
1.97,158,177,5,3,22,0,19,60,1
0.2,4387,6858,23,30,22,0,0,10,0
3.3,5875,5756,19,20,443,0,0,5,0
1.69,133479,456,483,4,443,0,0,174,1
5.94,5710,6615,17,25,3306,0,0,9,0
8.52,6497,10383,21,24,53,2,0,7,0
1.36,2590,9000,22,34,22,0,0,7,0
1.38,7233,9466,20,26,443,0,0,11,0
9.46,6386,9310,27,39,80,1,0,10,0
5.14,3309,5186,5,27,22,0,0,7,0
6.59,5801,7399,12,31,22,0,0,12,0
0.94,3183,4873,18,38,22,0,0,15,0
2.13,5390,6447,20,31,22,0,0,14,0
0.2,4363,5964,20,31,443,0,0,6,0
6.51,6463,8433,15,35,443,1,0,10,0
0.16,4472,7388,17,31,3306,0,0,12,0
0.12,93104,449,546,4,80,1,0,131,1
16.41,6306,10436,21,41,80,0,0,9,0
0.56,69321,615,413,3,80,0,0,206,1
20.89,6261,7235,23,43,3306,0,0,7,0
0.84,105168,370,581,1,80,1,0,186,1
0.34,100697,456,435,3,80,2,0,194,1
1.15,7176,5807,18,25,80,0,0,16,0
0.32,119415,471,589,6,443,0,0,166,1
0.19,103408,474,436,4,80,2,0,147,1
4.53,3393,7416,21,29,22,0,0,11,0
10.64,7345,7922,18,23,8080,1,0,9,0
2.69,7514,8159,15,23,443,2,0,9,0
1.58,4934,9891,20,23,80,2,0,5,0
10.27,4953,6783,13,33,53,0,0,11,0
0.1,1363,3620,16,37,3306,0,0,12,0
5.47,3829,10080,20,28,443,0,0,7,0
0.12,5109,8299,20,34,53,0,0,7,0
0.75,5910,6739,15,18,443,1,0,10,0
3.1,8035,11626,27,36,8080,0,0,7,0
1.61,5377,9038,17,37,3306,0,0,12,0
3.57,4963,7212,18,23,443,0,0,14,0
16.23,2825,5284,24,37,8080,0,0,16,0
1.64,7093,10383,15,27,8080,0,0,16,0
8.51,5638,9851,14,32,443,0,0,11,0
8.43,5725,6347,29,31,53,1,0,8,0
1.98,7856,7063,24,25,80,0,0,11,0
1.82,374,252,4,5,22,0,21,46,1
1.0,5100,8458,25,27,443,0,0,8,0
0.98,4174,6581,31,20,80,2,0,11,0
1.35,4736,10607,19,16,443,1,0,8,0
2.61,5827,8796,20,35,3306,0,0,7,0
3.03,8129,6389,21,38,53,0,0,10,0
5.01,7980,8581,23,17,3306,1,0,10,0
1.36,4120,7659,22,33,53,1,0,10,0
3.79,5528,6121,17,27,22,1,0,11,0
2.56,5827,8524,13,29,3306,0,0,13,0
2.36,7134,5621,24,30,80,0,0,15,0
0.95,2535,8487,21,25,3306,0,0,12,0
2.15,5751,8356,21,32,80,0,0,10,0
0.68,72905,462,578,4,443,2,0,226,1
1.69,4807,6771,21,29,8080,0,0,9,0
4.59,4503,4832,22,45,53,1,0,9,0
0.46,3841,10319,21,38,80,0,0,9,0
2.85,4059,9066,20,40,80,1,0,5,0
10.98,5390,8960,21,29,53,2,0,8,0
7.4,3646,6442,21,24,22,0,0,9,0
5.58,4801,8848,16,24,3306,1,0,13,0
6.98,589,5795,20,35,53,2,0,10,0
11.25,5455,9691,10,33,53,0,0,5,0
0.18,5333,8298,24,26,22,0,0,7,0
4.04,4262,9604,17,30,3306,0,0,10,0
10.16,5834,9465,23,28,443,1,0,12,0
2.46,5915,8998,23,31,443,0,1,9,0
4.12,7464,8486,25,14,8080,0,0,13,0
0.11,4889,6930,10,24,53,0,0,5,0
23.29,5403,6806,20,18,443,0,0,13,0
3.39,5657,7513,21,27,8080,0,0,11,0
0.02,234,118,2,0,20884,0,0,171,1
0.03,5670,12788,26,33,443,0,0,15,0
0.06,184,57,1,1,4974,1,0,182,1
8.12,5240,5815,25,31,8080,0,1,10,0
2.82,228,170,7,3,22,0,25,47,1
5.89,5491,6924,23,29,80,0,0,8,0
12.68,5275,9014,15,23,53,0,0,7,0
8.25,4235,10576,14,32,80,0,0,6,0
0.54,4344,11713,20,41,8080,0,0,9,0
0.74,97059,629,490,6,443,1,0,188,1
3.44,5189,9744,28,34,80,0,0,16,0
1.47,104620,795,471,7,443,1,0,189,1
13.82,6245,6988,27,15,8080,0,0,15,0
7.79,5292,8173,9,25,53,0,0,10,0
12.79,5925,8094,14,25,8080,0,0,1,0
12.68,3113,7507,19,35,8080,1,0,6,0
0.43,4044,14153,22,38,443,0,0,14,0
3.69,3700,7074,15,30,3306,0,0,11,0
11.64,4019,9141,24,18,22,0,0,8,0
10.91,5036,7006,23,13,8080,1,0,7,0
8.46,4851,8182,19,28,443,0,0,9,0
0.72,548,206,3,2,22,0,23,52,1
1.26,5486,10458,20,42,22,0,0,4,0
0.8,5158,5252,20,22,3306,2,0,11,0
2.54,5306,8038,19,29,8080,0,0,15,0
1.2,5627,7817,25,30,443,0,0,11,0
0.68,103545,411,540,5,443,2,0,220,1
4.9,4883,5515,21,17,22,0,0,10,0
4.27,6019,6803,24,49,8080,0,0,10,0
3.01,3742,8381,25,32,3306,1,0,9,0
0.63,7568,9275,21,37,22,0,0,11,0
1.74,5115,8538,21,36,443,0,0,7,0
3.81,3268,9589,16,37,80,0,0,10,0
4.05,4832,5300,23,23,80,1,0,8,0
9.63,5137,8894,9,21,443,0,0,6,0
14.83,4686,8774,16,25,3306,0,0,5,0
5.85,6624,6531,26,32,80,2,0,8,0
0.31,5687,10720,23,30,80,1,0,5,0
0.68,128764,350,398,4,80,2,0,218,1
13.16,2634,6601,26,29,443,0,0,12,0
7.9,6466,7633,8,32,80,0,0,6,0
1.92,4570,8924,20,31,3306,0,0,12,0
0.62,5420,9072,28,33,443,1,0,11,0
4.13,3496,9099,26,38,80,0,0,10,0
0.92,384,157,2,4,22,0,15,49,1
1.54,3954,9304,21,38,8080,1,0,8,0
4.46,5723,9686,19,33,3306,1,0,6,0
1.3,6043,11398,26,30,80,1,0,7,0
5.14,4382,8195,26,37,3306,0,0,7,0
2.72,6447,8603,7,19,22,1,0,7,0
10.14,5762,5871,16,21,3306,0,0,9,0
3.98,4537,5805,21,52,80,1,0,13,0
17.29,3907,6885,21,31,22,0,0,6,0
8.93,6105,9916,20,32,80,0,0,7,0
11.33,3964,10993,21,32,22,1,0,6,0
0.08,5923,4427,16,30,3306,0,0,15,0
4.77,7418,6287,21,31,22,2,0,13,0
0.96,2497,9501,15,29,80,0,0,13,0
8.91,7443,6770,22,47,22,0,0,11,0
0.13,3926,8593,16,25,443,1,0,13,0
4.22,4275,6012,25,34,22,2,0,7,0
0.8,3617,6198,20,37,53,0,0,8,0
2.26,5880,9066,20,33,443,0,0,12,0
1.44,4677,8315,21,45,443,0,0,8,0
6.84,5708,6747,27,26,80,0,0,16,0
1.37,3690,13175,21,40,8080,0,0,13,0
0.47,6069,10058,22,42,8080,1,0,11,0
7.04,4183,10292,25,22,8080,0,0,14,0
17.84,4287,9678,11,25,443,0,0,10,0
13.27,6945,10385,17,37,8080,2,0,11,0
40.86,1555,4176,20,36,8080,0,0,9,0
1.54,4082,4337,22,38,53,0,0,9,0
6.76,3371,7797,20,33,53,0,0,9,0
0.08,175,134,3,0,16959,1,0,147,1
0.29,126344,395,469,5,80,0,0,211,1
6.7,4686,8486,21,32,53,0,0,11,0
1.24,3635,5971,15,27,3306,2,0,15,0
9.3,3477,8376,10,29,8080,0,0,7,0
0.43,4211,10726,28,27,53,2,0,11,0
0.06,233,125,3,1,50970,0,0,156,1
2.15,2332,8581,20,36,3306,0,0,8,0
0.45,5310,10160,24,35,53,0,0,7,0
5.01,5357,7636,21,23,8080,0,0,9,0
4.87,5820,5808,16,37,443,0,0,15,0
0.74,6185,3660,19,15,53,0,0,11,0
8.4,3771,8412,27,33,53,0,0,3,0
2.02,222,291,2,5,22,0,27,50,1
3.84,5773,8031,16,26,53,0,0,13,0
11.06,5028,4868,17,46,22,0,0,7,0
4.56,5551,7935,12,32,3306,0,0,13,0
3.88,5683,3850,19,29,53,0,0,11,0
10.15,3141,7823,24,37,443,2,0,12,0
2.77,7587,5759,14,32,443,0,0,10,0
0.85,3795,8246,25,29,8080,0,0,8,0
1.1,4393,8622,26,35,53,0,0,11,0
6.4,5197,8498,18,15,3306,0,0,7,0
5.57,6226,8144,16,31,53,1,1,7,0
11.13,2890,7699,13,26,80,0,0,8,0
2.7,6002,7380,19,22,22,0,0,7,0
1.3,6558,10469,20,30,80,0,0,1,0
12.32,5319,8015,18,30,80,2,0,4,0
0.07,3625,7010,18,15,443,0,0,7,0
3.52,2335,7644,11,36,443,0,0,9,0
8.74,5749,8819,27,20,80,0,0,7,0
0.16,235,90,4,1,59626,1,0,130,1
0.07,182,95,2,0,15033,1,0,115,1
0.98,4874,9679,15,23,3306,0,0,4,0
3.39,5378,6997,13,35,3306,0,0,10,0
0.72,6018,5888,17,23,22,0,1,9,0
0.01,249,82,3,0,26076,1,0,148,1
8.0,4852,10363,20,31,443,0,0,16,0
21.53,4321,4281,13,22,8080,0,0,13,0
1.79,115009,553,533,6,443,2,0,217,1
0.0,234,138,2,1,50023,0,0,155,1
2.43,233,378,2,2,22,0,22,63,1
9.04,6548,8639,16,36,8080,2,0,12,0
6.49,10889,7980,17,46,22,2,0,9,0
7.8,3729,7142,19,26,22,1,0,9,0
2.77,2653,9397,24,40,80,0,0,9,0
4.94,7370,7134,27,15,3306,0,0,10,0
0.3,6686,9012,28,22,22,1,0,6,0
11.35,2598,8776,20,35,8080,1,0,8,0
1.7,308,347,5,4,22,0,20,34,1
11.13,6655,8396,22,18,80,0,0,12,0
2.31,3747,7649,21,26,53,0,0,7,0
2.42,5713,4962,22,19,3306,0,0,12,0
10.23,6800,7884,30,31,8080,0,0,11,0
2.5,3961,7827,23,22,3306,0,0,15,0
0.5,7483,9633,23,41,443,2,0,5,0
1.69,4241,9035,25,31,80,0,0,9,0
0.45,91855,400,469,6,80,1,0,209,1
1.0,2273,4358,17,35,8080,0,0,11,0
0.76,4360,10389,21,19,3306,0,0,10,0
2.48,4862,11030,24,33,80,2,0,10,0
3.04,2577,6336,16,12,80,1,0,7,0
2.3,3055,6698,14,27,53,0,0,9,0
1.68,3499,6856,18,38,3306,0,0,4,0
9.47,4320,10279,21,33,3306,0,0,11,0
9.13,6669,10390,23,26,22,0,0,10,0
3.01,4081,7127,15,18,8080,1,0,7,0
1.97,5635,8740,14,27,3306,0,0,10,0
5.78,4879,6521,15,23,8080,0,0,10,0
4.5,4672,8249,23,29,8080,1,0,6,0
12.56,6023,4936,18,20,443,1,0,16,0
1.81,6918,9541,15,27,443,1,0,10,0
4.34,3196,7722,29,18,8080,0,0,15,0
4.39,5588,9033,24,17,3306,2,0,11,0
0.07,231,83,3,0,16036,1,0,169,1
2.85,316,178,3,3,22,0,12,52,1
2.3,2994,7957,15,20,8080,0,0,9,0
0.01,180,135,2,0,41278,0,0,144,1
2.23,407,251,6,5,22,0,18,36,1
3.06,2298,5001,18,27,80,0,0,6,0
4.89,3502,5268,12,26,53,0,0,10,0
2.02,4415,6992,29,19,80,0,0,14,0
9.9,5420,6867,21,11,8080,0,0,7,0
0.19,4920,7988,18,17,3306,1,0,7,0
2.29,5661,6800,19,33,22,0,0,10,0
5.25,7082,11219,29,28,443,1,0,8,0
0.05,3067,8683,12,36,3306,0,0,13,0
4.68,5476,7389,27,29,3306,0,0,7,0
0.83,4900,7036,14,13,8080,0,0,7,0
14.19,3818,7825,23,27,443,0,0,6,0
1.65,109716,585,512,9,443,0,0,197,1
1.03,4163,7200,17,26,443,0,0,10,0
0.38,6279,6734,21,33,22,1,0,10,0
3.61,3784,5867,20,18,80,0,0,12,0
0.2,117479,569,472,3,443,2,0,224,1
3.16,6805,3985,15,39,22,0,0,9,0
9.22,3276,6066,19,36,80,0,0,8,0
12.75,7437,10163,18,24,443,0,1,9,0
1.57,2602,8791,25,34,22,1,0,10,0
3.89,6500,7268,13,21,53,1,0,8,0
0.66,5521,7735,18,18,443,0,0,13,0
0.73,2213,8847,12,16,8080,0,0,4,0
4.82,2588,7981,19,42,8080,2,0,11,0
10.06,4593,5401,23,28,8080,0,0,9,0
4.81,7344,9175,14,26,3306,0,0,11,0
4.67,5391,9431,18,37,443,0,0,10,0
0.11,5929,9874,20,23,53,0,0,8,0
9.67,4289,8286,8,34,443,2,0,7,0
3.67,3907,7545,22,32,3306,1,0,6,0
0.09,79090,483,556,8,80,0,0,160,1
2.64,3490,8320,26,36,8080,2,0,8,0
4.92,4499,7739,7,20,53,0,0,12,0
14.97,5694,6921,22,27,53,0,0,8,0
5.18,2187,9172,11,30,53,0,0,9,0
1.27,3735,8035,18,29,80,0,0,11,0
1.55,6622,9020,24,48,53,0,0,11,0
0.1,3269,9392,16,31,80,1,0,7,0
6.44,3938,7751,22,28,8080,0,0,13,0
4.73,6645,8054,20,32,3306,0,0,10,0
1.25,5023,4766,25,31,8080,0,0,9,0
0.68,4441,6307,28,10,443,2,0,9,0
9.93,6109,6632,10,30,3306,0,0,8,0
0.22,255,59,4,1,12494,0,0,143,1
4.78,7397,9421,25,29,53,0,0,5,0
9.23,4525,8226,16,31,53,0,0,7,0
4.3,5123,8928,19,31,443,0,0,8,0
0.64,5638,10194,12,35,22,1,0,8,0
8.79,6915,5007,16,17,8080,1,0,3,0
0.5,124882,626,646,7,443,1,0,224,1
5.1,5396,5604,13,27,443,0,0,12,0
4.05,3168,7551,18,31,443,1,0,9,0
0.43,100573,577,563,4,80,1,0,155,1
0.46,4075,7565,22,26,8080,0,0,10,0
2.98,5235,4615,17,32,443,1,0,10,0
0.71,6511,5204,18,34,53,1,0,12,0
0.02,5815,8779,27,35,3306,0,0,18,0
22.0,7105,6665,21,27,80,0,0,9,0
4.77,2476,8863,22,23,443,1,0,7,0
2.46,6324,7641,25,23,3306,1,0,10,0
0.52,4457,6686,14,28,8080,1,0,7,0
7.15,3406,6377,23,37,22,0,0,10,0
1.41,8149,8648,18,28,22,0,0,10,0
4.72,5675,5852,8,42,22,0,0,8,0
0.01,151,80,3,0,21623,0,0,127,1
11.04,6429,10072,14,35,3306,2,0,7,0
2.18,4548,7920,26,38,53,0,0,12,0
4.28,8346,8437,19,34,22,0,0,8,0
4.51,5061,4835,18,17,80,0,0,5,0
1.48,6919,7308,11,31,443,0,0,8,0
1.43,2554,8869,23,34,443,0,0,13,0
0.06,116,145,2,1,4499,0,0,148,1
28.84,5104,9885,12,29,22,0,0,14,0
5.75,3304,6669,30,31,3306,0,1,12,0
5.95,5078,7253,13,15,8080,0,0,7,0
1.71,1817,8746,20,24,8080,0,0,9,0
0.17,1455,10518,25,41,80,0,0,16,0
2.79,7281,7699,26,1,22,0,0,8,0
4.66,4793,8206,22,22,80,0,0,10,0
2.59,4417,5530,21,35,443,1,0,9,0
14.03,4275,9564,22,32,443,0,0,6,0
2.22,3392,6820,20,39,8080,2,0,2,0
0.39,5169,5254,18,23,53,0,0,7,0
23.7,4095,7185,11,26,80,0,0,10,0
0.06,65662,453,567,4,443,0,0,124,1
1.53,112351,278,330,4,80,2,0,203,1
3.74,2657,11237,26,31,443,0,0,11,0
21.57,6895,10756,21,32,8080,0,0,11,0
10.49,2575,7755,18,16,8080,0,0,9,0
6.07,4611,7696,19,28,443,0,0,16,0
0.45,3752,7004,24,33,80,0,0,11,0
13.45,6040,6119,14,34,8080,0,0,12,0
0.64,3231,9206,17,37,22,0,0,10,0
9.94,4034,7528,20,37,22,0,0,7,0
0.35,67683,669,525,5,80,1,0,200,1
11.22,4518,8088,19,22,80,0,0,10,0
4.66,3291,8443,15,26,443,0,0,9,0
0.17,2827,7401,13,33,3306,0,0,12,0
11.23,4446,6295,23,31,3306,0,0,12,0
0.39,4557,6724,24,35,22,2,0,11,0
0.06,127,86,2,1,3783,1,0,164,1
9.02,5285,12615,18,39,80,0,0,12,0
16.57,7851,5222,21,23,22,0,0,13,0
6.35,5686,8950,19,26,3306,0,0,8,0
21.34,4755,11286,22,43,3306,0,0,8,0
1.33,4090,8546,21,25,8080,2,0,8,0
4.16,6228,6663,22,28,22,2,0,16,0
1.62,4196,6963,9,22,53,0,0,11,0
4.66,5018,7796,23,36,22,0,0,11,0
2.79,8884,7137,24,21,53,0,0,8,0
3.45,4509,7177,18,31,53,2,0,12,0
6.67,5215,7351,12,22,80,0,0,8,0
8.48,7133,9211,18,14,80,1,1,12,0
18.62,5798,7741,25,36,53,1,0,13,0
7.33,5196,11177,17,32,8080,0,0,5,0
1.89,5507,8298,15,38,3306,2,0,14,0
0.44,6087,9106,16,31,8080,0,0,10,0
6.14,4329,6331,21,38,3306,0,0,7,0
13.06,6077,11312,12,32,3306,0,0,7,0
1.82,6874,8831,19,24,53,2,0,9,0
1.38,6592,10164,4,37,53,0,0,15,0
11.23,3195,4618,20,39,8080,0,0,12,0
7.21,6609,8646,20,29,443,1,0,8,0
1.01,5438,6637,18,34,8080,0,0,11,0
0.09,179,86,3,0,40002,1,0,145,1
0.02,271,110,2,1,3235,0,0,132,1
0.03,208,75,2,0,11195,0,0,123,1
1.43,5998,7181,25,36,443,0,0,13,0
8.55,3112,11890,6,19,80,0,1,12,0
6.94,5462,8758,13,14,80,0,0,6,0
6.41,3871,6229,29,24,53,1,0,11,0
0.26,112232,538,482,1,443,0,0,209,1
6.06,3519,5631,18,31,3306,1,0,7,0
3.45,1818,10747,19,27,3306,1,0,10,0
1.82,5676,8124,25,37,443,0,0,14,0
1.03,5820,8677,26,29,8080,1,0,6,0
8.63,5647,6450,18,34,8080,1,0,14,0
3.72,6981,9039,18,26,53,0,0,3,0
9.59,4909,4799,18,24,443,0,0,11,0
0.62,132298,622,533,6,443,0,0,267,1
1.22,2135,7452,20,34,80,0,0,7,0
2.83,235,294,7,5,22,0,21,39,1
7.37,4719,8517,16,15,80,0,0,3,0
0.65,6081,9397,18,38,443,0,1,13,0
14.87,6039,5412,16,23,443,1,0,6,0
0.08,87267,526,532,3,443,0,0,248,1
0.17,221,112,2,1,6495,1,0,127,1
2.36,3987,6273,14,29,443,0,0,11,0
7.63,4305,6529,11,42,443,2,0,11,0
8.88,4243,5757,24,23,80,1,0,11,0
3.35,5624,7479,27,17,53,1,0,8,0
0.11,81536,416,512,5,80,2,0,195,1
2.35,3683,8693,19,17,443,0,0,9,0
10.87,4318,7346,17,24,53,0,0,13,0
17.39,6545,9246,21,28,53,1,0,11,0
5.95,3236,10963,24,48,3306,0,0,7,0
0.06,238,115,1,0,26068,0,0,183,1
2.01,4497,8843,16,44,80,1,0,12,0
0.64,3526,9076,15,20,443,0,0,7,0
1.78,419,216,2,4,22,0,23,39,1
0.59,2200,8553,24,28,22,0,0,11,0
2.64,2378,8517,17,28,443,0,0,10,0
2.66,416,257,5,4,22,0,19,54,1
1.33,6800,8843,11,21,443,0,0,13,0
2.5,3069,8017,24,9,3306,2,0,11,0
0.59,5686,10440,18,44,443,2,0,14,0
2.54,4740,9944,23,27,3306,0,0,7,0
5.38,2951,6974,19,41,53,0,0,7,0
8.32,6389,10107,17,27,22,0,0,17,0
2.03,6676,9988,19,28,80,1,0,3,0
1.93,1796,7814,19,29,443,1,0,11,0
6.64,5380,10499,26,12,80,0,0,11,0
0.52,2468,8228,23,41,22,0,0,9,0
2.73,4199,7716,17,36,3306,1,1,2,0
11.91,5252,8014,25,42,3306,0,0,12,0
7.93,6995,4089,23,29,80,0,0,13,0
1.16,399,344,6,2,22,0,19,42,1
7.34,5158,4316,18,31,443,1,0,12,0
0.18,81265,608,526,3,80,1,0,154,1
2.13,4379,8590,24,36,3306,0,0,9,0
10.15,4380,7770,24,30,80,0,0,13,0
8.82,4729,9385,17,42,3306,0,0,15,0
10.24,4654,9897,18,31,80,1,0,12,0
1.18,7510,7749,22,40,80,1,0,11,0
0.02,158,112,3,1,62440,1,0,141,1
1.86,7748,8614,12,32,8080,2,0,10,0
2.29,3019,8943,13,34,8080,1,0,8,0
0.19,3983,8665,16,18,80,1,0,3,0
23.65,7713,9627,14,42,3306,0,0,10,0
5.74,3620,7327,15,34,80,1,0,8,0
0.03,77117,381,417,3,80,1,0,198,1
5.67,5500,7618,22,29,443,0,0,9,0
1.96,336,193,6,5,22,0,22,64,1
0.03,91643,736,442,1,80,1,0,243,1
3.27,6870,8169,12,21,22,1,0,8,0
0.38,5553,6251,12,30,3306,0,0,10,0
0.2,215,117,4,1,19885,1,0,171,1
3.08,2676,10168,17,30,22,0,0,1,0
6.16,3879,6486,19,20,443,0,0,11,0
0.44,4783,7937,16,25,8080,1,0,9,0
1.47,5655,9995,27,25,3306,2,1,11,0
4.07,5763,4062,18,43,22,1,0,8,0
0.1,5337,6893,20,27,8080,0,0,12,0
5.42,4376,5743,20,32,3306,0,0,7,0
8.22,4412,10460,23,32,80,1,0,14,0
4.37,6658,9684,18,24,80,0,0,7,0
2.19,436,276,2,4,22,0,24,35,1
2.48,7242,8907,20,32,22,0,0,12,0
1.5,5113,10377,18,23,22,2,0,10,0
2.77,4653,7077,25,31,80,0,0,11,0
14.05,5375,9406,25,31,53,0,0,12,0
3.08,7911,6362,16,35,8080,0,0,12,0
0.63,3846,6030,20,29,443,0,0,4,0
2.51,3643,5603,19,26,443,0,0,10,0
2.72,4615,7951,24,27,8080,1,0,13,0
0.03,7931,10014,22,27,53,0,0,15,0
0.91,5722,5626,27,30,8080,0,0,11,0
3.84,4544,8389,24,26,22,2,0,8,0
2.37,6468,7139,27,47,80,0,0,10,0
0.65,5654,12607,16,23,443,0,0,9,0
9.89,6570,10739,14,32,8080,0,0,13,0
8.43,3528,9946,25,6,53,1,0,8,0
0.69,5450,10841,20,36,3306,2,0,8,0
0.12,4773,7186,21,26,3306,0,0,18,0
0.16,1804,5561,37,34,53,0,0,10,0
4.35,6382,7884,25,35,3306,0,0,12,0
17.19,5266,7392,17,40,443,1,0,2,0
7.68,5767,8861,14,22,8080,0,0,10,0
0.02,168,99,2,0,7571,1,0,175,1
1.0,4903,10828,16,29,3306,1,0,12,0
10.54,3031,10545,25,18,3306,1,0,11,0
4.54,6835,9568,12,35,53,0,0,7,0
0.5,8111,7474,11,27,443,0,0,11,0
0.88,4629,4392,26,19,22,0,0,13,0
3.62,5433,7705,16,36,3306,0,0,12,0
0.88,81927,408,579,5,80,0,0,164,1
4.41,5214,6526,15,36,8080,0,0,11,0
1.76,3722,6204,21,39,443,1,0,6,0
2.12,5862,6708,20,33,8080,2,0,9,0
10.49,4622,8371,23,21,53,1,0,8,0
6.46,6125,9856,21,23,80,0,0,15,0
5.96,4695,9837,18,12,443,2,0,7,0
5.45,5551,8992,18,26,8080,1,0,10,0
0.06,7040,4296,32,15,53,0,0,6,0
0.68,5533,2290,20,17,3306,0,0,7,0
0.0,177,89,2,0,48634,1,0,181,1
0.0,180,88,3,1,7737,0,0,165,1
2.82,4719,7228,18,32,8080,0,0,8,0
1.0,2073,8169,20,28,80,0,0,8,0
0.03,158,115,3,1,55324,1,0,121,1
0.07,124230,466,498,6,443,0,0,165,1
5.01,6283,9003,19,38,22,1,0,7,0
5.38,1642,9987,20,12,80,0,0,15,0
5.84,5783,8214,22,27,53,0,0,10,0
0.37,92406,572,527,6,80,0,0,216,1
16.78,3730,8231,25,29,22,0,0,11,0
37.21,2720,3790,19,16,8080,0,0,11,0
1.19,5858,8092,19,33,8080,1,0,11,0
7.25,6319,10447,23,36,80,1,0,7,0
7.96,5524,5209,8,33,443,2,0,11,0
3.99,5447,6922,16,43,53,0,1,9,0
0.62,4856,7474,15,33,22,0,0,7,0
1.65,272,199,2,5,22,0,17,35,1
0.12,193,95,4,1,38716,0,0,152,1
9.99,4315,3819,14,35,53,0,0,7,0
0.98,6239,7454,18,31,80,0,0,16,0
0.62,3730,6731,24,23,53,0,0,14,0
5.0,7943,7838,17,28,443,0,0,11,0
10.2,4196,6948,18,34,8080,1,0,10,0
6.69,6845,6877,15,33,22,0,0,11,0
11.35,4728,10357,29,33,8080,0,0,12,0
1.35,105134,566,434,6,443,1,0,237,1
0.14,146,79,3,1,28646,0,0,143,1
1.09,4621,7169,20,29,443,1,0,11,0
2.06,6781,6298,12,37,80,2,0,8,0
8.71,4941,9902,18,34,22,1,0,9,0
3.73,6289,4810,32,36,53,0,0,1,0
5.02,4091,5610,23,27,8080,0,0,6,0
2.54,7172,9292,25,28,53,0,0,16,0
3.36,2517,9129,13,28,3306,0,0,11,0
4.04,4808,11409,14,24,53,1,0,12,0
4.71,3324,5861,16,32,53,0,0,6,0
5.92,4949,5633,30,38,53,0,0,13,0
5.77,4285,10924,20,30,53,0,0,11,0
2.38,405,164,4,3,22,0,11,47,1
0.23,4556,8759,25,26,53,0,0,4,0
1.66,6628,7301,26,41,22,2,0,8,0
14.44,7196,5646,16,30,80,1,0,10,0
5.35,4094,8006,27,22,53,1,0,6,0
5.51,5441,6243,16,35,443,2,0,8,0
6.69,3554,8314,30,30,3306,1,0,16,0
1.65,370,128,10,2,22,0,23,45,1
24.78,6858,7480,12,30,53,0,0,13,0
8.64,5284,12136,26,19,443,0,0,14,0
1.26,106604,495,475,4,80,2,0,219,1
0.03,232,155,1,0,36196,0,0,135,1
0.73,51008,306,510,8,443,0,0,231,1
2.9,4725,3611,6,30,443,1,0,7,0
4.42,3565,8221,14,26,8080,2,0,10,0
3.59,3596,6755,17,43,3306,0,0,8,0
1.98,5285,5936,21,26,8080,0,0,12,0
10.1,6636,5109,19,25,53,1,0,5,0
5.76,3391,10136,17,23,8080,0,0,10,0
1.29,3060,5940,10,36,3306,0,0,5,0
2.65,6788,8987,20,28,22,0,0,3,0
0.64,4880,6020,5,26,8080,0,0,14,0
1.93,6064,7637,22,27,8080,0,1,18,0
7.36,3862,10561,22,32,53,1,0,13,0
0.85,4906,6311,27,22,80,0,0,7,0
1.82,236,278,2,4,22,0,18,52,1
0.26,184,77,3,1,44199,0,0,203,1
2.94,230,77,3,3,22,0,18,61,1
3.59,3822,11232,28,14,443,0,0,8,0
6.99,5035,7031,20,33,443,0,0,9,0
18.62,3595,5319,22,27,8080,0,0,9,0
4.79,4418,8639,26,26,80,0,0,7,0
10.09,4145,5945,22,22,8080,0,0,7,0
4.75,5585,6098,18,17,443,0,0,7,0
2.12,3393,5887,21,30,53,1,0,11,0
21.42,3699,8362,25,20,3306,1,0,14,0
6.48,5218,6796,28,15,53,0,0,8,0
17.5,6494,9174,17,41,8080,0,0,9,0
13.09,7553,7560,15,25,53,0,0,13,0
10.52,6042,6142,35,17,8080,0,0,12,0
3.21,5819,9385,18,31,3306,1,0,1,0
0.03,155,106,3,0,4775,0,0,143,1
1.79,5622,9037,11,23,3306,0,0,11,0
4.49,5300,12249,29,39,8080,1,0,15,0
6.17,4858,5216,12,20,443,0,0,17,0
5.7,4705,9593,16,36,80,0,0,9,0
0.65,8407,4214,21,25,53,0,0,4,0
0.09,4281,7905,17,26,53,0,0,9,0
0.06,4580,10153,25,39,8080,1,0,11,0
0.2,2269,7411,19,34,53,0,0,15,0
4.47,4610,11406,28,41,53,1,0,11,0
5.06,6831,8271,28,10,80,2,0,5,0
0.42,6169,9200,20,15,22,1,0,7,0
17.35,4693,8195,19,27,22,0,0,11,0
4.19,3704,7769,23,39,53,0,0,8,0
0.67,2335,4808,19,13,3306,0,0,13,0
1.99,6770,9406,28,27,3306,0,0,1,0
4.89,6303,6839,13,37,8080,0,0,11,0
4.84,5228,8599,18,37,22,0,0,3,0
12.29,3761,8758,18,27,443,0,0,5,0
1.03,6353,7541,21,20,8080,1,0,8,0
1.31,6644,7623,27,27,80,0,0,15,0
0.69,2798,8008,24,32,3306,0,0,6,0
0.62,4424,6051,24,24,22,0,0,12,0
2.26,4998,5747,16,32,80,0,0,6,0
1.09,4536,8632,19,30,53,2,0,12,0
5.47,4303,6441,17,21,22,1,0,9,0
1.78,318,35,6,3,22,0,28,54,1
5.82,7331,5269,34,41,3306,0,0,10,0
0.86,4472,9910,27,41,8080,0,0,7,0
0.74,93885,506,569,7,80,1,0,238,1
0.73,5469,4657,22,28,8080,0,0,6,0
0.21,194,84,2,1,59850,1,0,154,1
0.94,4419,8841,18,33,3306,0,0,9,0
29.26,3793,9337,19,19,3306,0,0,12,0
6.69,5122,2324,31,35,8080,2,0,10,0
0.3,5347,5328,20,44,3306,1,0,13,0
1.3,6975,7279,19,40,53,0,0,12,0
7.31,5898,8111,23,29,443,1,0,10,0
11.73,8618,6784,19,39,22,0,0,13,0
3.54,5185,8223,24,23,3306,0,0,9,0
5.03,6517,8421,15,55,80,0,0,9,0
2.79,6270,6851,3,29,80,0,0,5,0
3.81,4406,7152,23,39,80,0,0,11,0
1.29,6071,9656,23,27,3306,0,0,11,0
6.41,3061,9103,13,28,443,2,0,11,0
11.51,5510,5611,18,38,53,0,0,11,0
10.2,2185,7568,13,26,3306,0,0,11,0
5.06,8408,9375,17,42,22,0,0,12,0
10.46,6535,6503,14,32,80,1,0,11,0
0.24,79062,320,472,3,443,2,0,211,1
8.05,4802,10346,13,31,53,0,0,10,0
1.79,7908,7369,22,41,3306,0,0,8,0
1.98,503,114,10,3,22,0,16,44,1
0.35,85838,526,545,7,443,2,0,188,1
0.35,4179,6241,18,35,22,0,0,9,0
2.59,4598,6681,26,36,80,1,0,6,0
8.19,3340,9006,20,27,53,1,0,9,0
2.22,6175,7084,14,31,443,0,0,12,0
16.77,4877,9858,22,36,53,0,0,12,0
2.04,418,144,6,3,22,0,17,68,1
0.59,5001,2591,18,30,53,0,0,11,0
10.49,1772,7234,15,25,22,0,0,9,0
6.53,6921,9528,24,33,80,1,0,8,0
1.12,6373,10854,18,33,80,0,0,6,0
8.38,4960,3844,25,32,80,1,0,15,0
13.35,4956,8856,25,36,80,0,1,4,0
0.03,90053,474,486,1,80,1,0,138,1
5.87,5550,5600,20,32,53,0,0,14,0
1.92,6272,7983,10,29,53,2,0,14,0
0.15,168,109,1,0,44512,1,0,133,1
6.65,2941,9683,8,37,8080,0,0,14,0
0.71,6002,7248,32,25,3306,0,0,10,0
1.56,468,184,6,3,22,0,20,80,1
3.21,3757,7810,18,43,443,2,0,15,0
1.58,4883,8791,20,26,53,0,0,10,0
0.92,4088,6876,32,26,53,0,0,4,0
0.65,7710,7864,10,32,53,1,0,14,0
5.16,2703,6198,17,34,22,0,0,1,0
0.84,5586,7298,22,25,3306,0,0,17,0
1.97,5184,9329,21,35,443,1,0,10,0
6.05,6062,7594,18,28,443,0,0,13,0
0.22,3939,10057,18,27,8080,1,0,8,0
20.58,4676,10581,11,41,8080,0,0,9,0
0.93,5486,11496,11,22,8080,0,0,16,0
1.76,4751,9789,24,33,8080,0,0,13,0
1.82,3758,10479,25,33,80,0,0,11,0
0.16,240,127,3,1,62603,0,0,135,1
7.92,6230,8499,22,26,3306,1,0,7,0
4.65,4294,8090,15,25,80,0,0,8,0
3.65,3239,6776,16,23,3306,0,0,7,0
2.69,472,174,6,4,22,0,14,42,1
0.06,127359,302,471,4,443,1,0,178,1
0.26,3303,6898,15,26,8080,1,0,10,0
0.92,4462,7860,19,30,8080,0,0,9,0
9.91,3487,9645,24,27,80,0,0,5,0
7.59,5998,10382,19,22,53,0,0,6,0
2.89,7608,9017,18,29,3306,1,1,11,0
11.38,6742,8336,12,34,80,0,1,8,0
0.75,8545,10567,18,42,3306,1,0,11,0
0.06,5988,7023,25,27,443,0,0,12,0
8.05,6043,9511,11,41,80,0,0,7,0
0.65,5405,10905,24,41,53,0,0,13,0
20.19,4099,8839,21,47,3306,1,0,12,0
0.82,5345,8989,13,31,443,0,0,10,0
1.68,111,321,3,4,22,0,19,53,1
0.14,245,96,3,1,45453,0,0,125,1
1.13,2411,12186,20,27,3306,0,1,7,0
0.17,166,137,1,0,15520,1,0,131,1
6.13,6166,10506,25,20,22,0,0,4,0
15.04,5833,6783,26,25,22,0,0,6,0
7.56,3638,7502,21,21,443,0,0,10,0
5.21,5337,7958,28,41,80,2,0,3,0
6.17,5638,6979,20,26,80,1,0,11,0
3.33,6162,8082,24,27,3306,2,0,10,0
12.62,3010,12084,20,22,22,0,0,7,0
0.35,61648,561,425,5,443,0,0,173,1
4.44,6730,7035,29,30,22,0,0,6,0
0.32,4648,9972,19,23,8080,2,0,10,0
5.02,3501,9462,23,21,22,0,0,13,0
1.99,6700,10581,17,39,22,0,0,9,0
1.68,374,306,8,4,22,0,22,49,1
5.86,4247,4293,15,25,443,0,0,10,0
3.23,9477,10148,19,31,3306,0,0,9,0
0.64,4437,9053,19,31,53,0,0,7,0
3.22,250,166,1,3,22,0,21,51,1
3.2,7118,7634,17,30,443,0,0,10,0
3.49,3917,8974,21,31,22,1,0,7,0
0.75,5999,7863,13,23,53,0,0,10,0
2.31,444,133,6,5,22,0,25,57,1
2.04,9664,4804,24,36,3306,0,0,5,0
18.32,6237,6523,26,21,443,1,0,5,0
1.39,6427,9847,19,34,3306,1,0,15,0
0.02,3409,6999,26,25,3306,0,0,10,0
2.05,3998,8864,16,20,53,0,0,9,0
7.06,3344,7598,23,28,443,0,0,8,0
17.52,6326,10389,23,36,53,0,0,10,0
9.77,6689,7440,11,37,8080,0,0,5,0
4.32,3284,10475,10,35,8080,0,0,12,0
2.13,180,234,4,2,22,0,20,39,1
1.36,5685,7966,12,35,53,0,0,13,0
13.85,5311,4048,15,33,8080,2,0,8,0
4.36,5837,8829,12,37,3306,0,0,9,0
17.52,5108,7770,24,28,53,0,0,8,0
1.07,639,9036,15,37,80,0,0,4,0
9.23,3987,6946,25,29,443,0,0,10,0
0.21,120,141,1,0,51353,0,0,134,1
0.04,135,69,4,1,4207,1,0,130,1
3.44,4379,4408,23,33,53,1,0,9,0
1.96,7964,6820,26,28,443,1,0,5,0
0.05,173,81,2,0,33225,1,0,141,1
4.56,4247,7032,16,44,80,0,0,14,0
4.89,4274,5238,17,12,8080,0,0,8,0
2.7,385,271,1,3,22,0,9,55,1
1.7,233,98,5,3,22,0,21,48,1
1.04,5876,9784,15,29,443,1,0,8,0
0.51,121413,486,515,5,80,1,0,219,1
3.34,6406,9675,15,20,22,0,0,7,0
6.93,4592,8697,22,28,443,0,0,8,0
2.39,2942,9458,24,33,80,0,0,10,0
6.51,4819,5368,14,19,8080,0,0,7,0
1.15,4648,8199,17,47,443,1,0,7,0
4.38,4508,7791,13,19,3306,2,0,12,0
5.95,6342,9621,18,14,80,0,0,11,0
3.09,7099,6456,21,34,8080,1,0,15,0
0.21,5636,7675,15,16,53,0,0,14,0
1.09,219,235,3,3,22,0,26,49,1
1.89,4314,8392,14,16,53,0,0,13,0
0.13,4798,8594,25,37,80,1,0,7,0
21.97,4931,7216,24,29,80,0,0,8,0
12.97,5976,5541,19,34,3306,0,0,10,0
2.09,5659,7960,26,13,8080,2,0,7,0
0.09,218,67,2,0,41642,1,0,142,1
21.58,6062,9502,22,37,443,0,0,11,0
0.27,126876,579,506,7,80,2,0,245,1
1.87,5746,8766,23,23,443,0,0,10,0
0.34,1095,8901,21,26,443,0,1,11,0
0.7,4460,3899,18,40,8080,0,0,9,0
1.95,4322,8589,8,40,443,0,0,10,0
0.83,2951,4654,23,36,80,0,0,9,0
8.29,2056,6074,23,37,443,0,0,13,0
7.49,7987,6471,18,34,443,0,0,8,0
11.6,5861,10386,26,36,443,0,0,2,0
2.4,5295,7710,22,23,443,0,0,5,0
11.27,4776,6396,11,28,443,0,0,14,0
1.73,5699,5459,15,24,443,0,0,12,0
0.13,3209,9171,28,36,8080,2,0,2,0
2.59,375,199,3,4,22,0,18,50,1
21.59,4450,5898,17,20,22,0,0,7,0
3.97,5612,7848,19,33,3306,0,0,11,0
1.34,6340,8427,30,33,22,0,0,9,0
3.67,3695,10702,14,26,22,2,1,6,0
3.38,4345,6400,13,20,80,0,0,12,0
7.17,6293,5753,21,45,8080,0,0,9,0
11.09,5275,7363,20,28,53,1,0,9,0
6.86,5827,6894,11,39,80,0,0,10,0
1.56,3143,10325,22,21,3306,0,0,12,0
1.6,5719,1646,19,28,8080,0,0,8,0
0.1,199,105,1,0,41191,1,0,137,1
21.98,5383,8438,27,31,443,2,0,5,0
0.24,3016,7860,27,34,22,0,0,7,0
15.54,5712,7981,23,32,80,0,0,6,0
4.12,5642,5771,11,25,22,0,0,9,0
1.44,3479,5859,18,26,8080,0,0,10,0
1.76,5125,6225,21,27,22,0,0,12,0
4.68,3365,9274,15,32,80,0,0,11,0
0.12,198,57,1,1,5338,0,0,148,1
0.36,4946,10656,28,13,8080,0,0,12,0
2.07,4203,7048,15,32,53,1,0,7,0
1.7,4716,8985,11,57,22,1,0,7,0
0.84,3657,7433,16,18,22,0,1,4,0
12.46,6532,8821,21,26,22,0,0,9,0
1.21,4859,11196,21,32,443,0,0,11,0
5.94,1961,9012,28,35,3306,2,0,12,0
3.36,4638,8615,9,27,80,0,0,8,0
2.15,7278,9253,18,34,22,0,0,12,0
0.47,226,115,3,0,17260,1,0,145,1
2.79,6614,6013,22,31,22,1,0,12,0
2.98,136,232,2,3,22,0,27,30,1
14.71,5631,8383,19,29,3306,2,1,5,0
3.07,6009,10140,29,32,22,0,0,7,0
4.19,4382,7628,17,21,22,1,0,11,0
0.72,5545,10070,8,41,22,0,0,7,0
0.04,112564,525,557,0,80,2,0,231,1
0.89,5379,6011,9,29,8080,0,0,9,0
1.12,3744,6941,22,30,80,1,0,13,0
1.73,3824,8961,8,23,22,0,0,13,0
1.98,7543,7926,16,33,3306,0,0,12,0
1.57,7608,9318,15,30,3306,0,0,4,0
1.65,2346,6622,24,48,443,1,0,7,0
0.96,2799,5396,25,40,3306,0,0,9,0
4.84,4755,6445,13,14,3306,0,0,13,0
2.14,4798,9053,22,29,80,0,1,12,0
0.69,5873,4737,16,42,80,0,0,10,0
13.5,5398,6016,20,22,22,0,0,10,0
3.8,7300,8718,16,19,80,1,0,7,0
1.99,269,127,2,4,22,0,21,45,1
24.24,2515,8581,17,39,3306,0,0,9,0
14.42,3656,9583,19,11,3306,0,0,12,0
4.12,4903,8073,18,32,22,1,0,8,0
6.16,8018,9332,8,18,443,0,0,9,0
0.04,84,104,3,0,36082,1,0,167,1
8.14,6260,7715,11,29,8080,0,0,10,0
3.11,5127,5031,22,36,8080,0,0,10,0
0.02,203,91,1,0,62991,0,0,157,1
1.77,4703,10237,25,20,3306,1,0,9,0
0.47,5466,9675,16,39,80,0,0,9,0
5.4,2309,8123,25,29,80,0,0,8,0
1.27,5515,6666,17,30,53,1,0,12,0
3.88,4449,9744,20,13,53,0,0,9,0
1.67,4530,6286,19,21,3306,0,0,9,0
0.03,187,102,4,1,50219,1,0,155,1
0.25,260,73,2,0,8625,1,0,166,1
2.23,221,120,6,2,22,0,15,52,1
2.97,4600,6567,25,35,22,1,0,13,0
0.36,6121,8448,20,39,80,0,0,9,0
2.23,4803,7200,20,34,53,1,0,10,0
1.87,5031,8672,20,37,8080,1,0,10,0
5.93,4537,6804,19,29,8080,0,0,7,0
6.29,6686,8204,26,15,53,0,0,11,0
2.53,6003,10072,12,43,53,0,0,5,0
1.6,3880,6050,20,42,3306,0,0,9,0
0.46,5143,9722,16,33,443,1,0,13,0
0.85,6370,9281,20,40,22,0,0,2,0
4.32,3931,7577,6,26,80,0,0,13,0
5.69,4280,8850,22,24,8080,0,0,9,0
2.25,6552,9170,23,19,80,0,0,11,0
1.49,6338,9008,7,25,8080,0,0,9,0
26.36,4432,6904,20,14,8080,0,0,11,0
9.51,5580,6014,25,42,443,0,0,17,0
9.92,3228,6238,25,37,8080,0,0,10,0
17.46,4031,12099,18,33,53,0,0,10,0
11.42,7010,9693,26,11,443,0,0,9,0
3.06,8143,7679,17,36,53,0,0,14,0
7.45,3463,9479,29,21,3306,2,0,9,0
0.97,3862,7191,26,18,53,1,0,14,0
4.34,3151,11330,18,24,53,0,0,8,0
8.92,4111,9445,28,34,443,0,0,12,0
15.86,5028,5927,16,38,443,0,0,10,0
13.81,4529,12150,24,21,443,0,0,5,0
7.02,6892,6331,20,37,8080,0,0,14,0
1.72,3118,10623,17,30,22,2,0,4,0
13.25,5021,10870,16,37,22,0,1,15,0
8.26,4449,6163,6,36,8080,0,0,7,0
2.63,247,226,4,4,22,0,31,65,1
9.11,5923,7273,13,29,53,0,0,6,0
10.14,3821,10589,20,24,3306,1,0,10,0
2.83,4886,8298,18,29,8080,2,0,10,0
0.52,5211,6298,20,22,53,0,0,7,0
1.42,7178,7225,19,25,443,0,0,14,0
0.56,3931,6522,23,21,80,0,0,18,0
1.87,204,212,7,2,22,0,26,66,1
13.18,3805,8424,18,27,3306,0,0,7,0
1.0,5750,4677,23,22,443,0,0,7,0
10.14,4087,5940,21,28,53,0,0,3,0
21.22,6008,6950,24,42,80,0,0,6,0
12.8,5277,8359,15,23,3306,2,1,8,0
2.3,5277,8613,13,42,22,0,0,6,0
2.28,452,148,4,5,22,0,27,25,1
2.12,4568,9341,19,21,443,0,0,9,0
2.14,6176,7725,20,20,8080,1,0,12,0
0.58,3227,7455,17,45,22,0,1,7,0
1.75,5600,7022,13,37,22,2,0,13,0
0.27,80065,437,450,5,443,1,0,214,1
9.86,4352,7832,17,22,80,1,0,13,0
2.58,444,56,5,3,22,0,12,47,1
0.46,96384,644,495,3,443,0,0,205,1
2.03,5833,9001,27,33,22,1,0,3,0
0.49,5105,8643,20,24,80,0,0,10,0
4.49,4633,8486,16,31,80,1,0,3,0
1.59,8640,8740,20,30,3306,1,0,12,0
3.28,7266,8421,18,21,53,0,0,6,0
1.16,6922,6700,20,33,8080,0,0,10,0
2.09,4970,3963,25,26,80,1,0,11,0
3.79,6378,5785,15,34,80,0,0,8,0
10.34,4697,10883,13,31,22,0,0,14,0
0.02,231,115,3,1,35110,0,0,154,1
1.69,6183,11452,20,35,80,0,0,4,0
9.31,3727,5471,26,15,3306,0,0,6,0
1.81,2656,8448,21,39,22,0,0,14,0
1.64,538,143,3,3,22,0,17,47,1
0.6,2669,7735,21,33,3306,0,0,14,0
5.19,3124,7487,24,34,22,0,0,13,0
0.05,134,65,3,1,618,1,0,180,1
0.21,305,100,3,0,37485,0,0,131,1
2.39,4166,9418,18,28,22,2,0,9,0
6.7,5820,10115,24,34,3306,1,0,13,0
4.16,4411,6878,16,40,22,1,0,6,0
1.4,4944,5543,18,21,22,0,0,6,0
0.12,122878,650,465,4,443,0,0,261,1
0.06,4488,8750,20,33,8080,0,0,10,0
1.46,351,201,4,4,22,0,7,58,1
0.45,122257,622,557,3,80,1,0,226,1
0.79,6157,7973,16,23,22,0,0,9,0
4.78,5316,10582,16,38,3306,1,0,14,0
16.51,5416,5152,21,25,80,0,0,10,0
2.71,9423,9380,26,38,22,2,0,11,0
2.31,563,205,6,4,22,0,21,62,1
2.37,5693,8527,14,26,443,0,0,7,0
0.01,174,120,2,0,26005,1,0,151,1
5.31,4691,8030,19,26,80,1,0,9,0
10.27,3772,6783,25,29,3306,0,0,9,0
13.79,4144,10238,19,32,3306,0,0,9,0
0.05,241,115,2,1,28995,1,0,165,1
1.84,4627,10956,19,16,443,0,0,8,0
1.94,382,234,6,4,22,0,16,61,1
0.16,3342,9062,20,16,443,0,0,10,0
2.14,368,278,5,2,22,0,17,52,1
2.19,2553,7978,9,26,53,2,0,12,0
2.29,1740,8562,24,28,80,0,0,1,0
2.89,3678,7175,19,23,443,0,0,5,0
3.66,2973,9315,13,25,22,0,0,6,0
1.65,254,276,6,3,22,0,21,60,1
5.38,4498,7034,17,25,443,2,0,10,0
2.66,4878,8763,18,42,80,0,0,11,0
0.87,5860,7885,16,30,443,0,0,12,0
0.13,5869,8816,19,38,80,0,0,6,0
0.15,161,145,2,0,9534,0,0,144,1
1.91,2623,9027,20,25,443,0,0,7,0
3.55,4556,8728,15,27,80,1,0,5,0
0.97,3137,14225,17,42,80,0,0,9,0
2.93,5116,7902,18,30,8080,0,0,9,0
7.62,5277,7338,20,43,3306,0,0,8,0
0.39,3141,9782,20,17,53,0,0,14,0
6.88,5010,7314,24,27,53,2,0,13,0
0.13,5343,9638,10,40,22,0,0,14,0
0.61,86226,502,500,7,443,0,0,187,1
8.76,7061,6777,24,46,22,0,0,11,0
4.82,5217,10813,17,31,53,1,0,10,0
5.12,3079,8615,16,39,3306,2,0,10,0
0.27,70880,461,502,6,80,1,0,190,1
1.37,182,170,3,3,22,0,25,42,1
2.76,2159,5266,18,40,443,2,0,11,0
7.8,4719,9935,11,24,80,0,0,9,0
0.43,86176,631,498,7,80,1,0,173,1
1.31,4964,8453,12,24,8080,0,0,9,0
1.26,248,49,7,2,22,0,17,50,1
3.31,8134,8983,18,38,80,0,0,12,0
0.1,150,72,3,1,61893,1,0,119,1
4.76,7694,9541,26,30,3306,1,0,6,0
0.75,4597,5471,7,30,53,0,0,10,0
13.1,3204,7262,9,16,53,0,0,7,0
1.13,7274,3801,22,42,8080,1,0,10,0
0.2,199,101,2,1,59743,0,0,166,1
0.13,1260,6676,12,45,443,0,0,10,0
2.18,4109,6920,26,12,8080,0,0,5,0
0.1,8036,10568,16,29,3306,0,0,9,0
1.11,379,225,4,2,22,0,29,36,1
7.7,3684,9457,32,21,8080,0,0,10,0
15.02,3957,8409,24,28,3306,2,0,9,0
4.75,2921,9606,10,35,53,0,0,17,0
0.7,4504,5566,25,33,22,0,0,8,0
4.7,5770,9866,19,33,3306,0,0,13,0
2.67,4915,7965,20,46,22,0,0,14,0
6.51,4926,5535,16,19,443,2,0,9,0
1.36,6117,8610,16,33,80,0,0,9,0
1.56,336,191,7,3,22,0,28,59,1
4.23,5906,6923,20,35,80,1,0,11,0
0.21,4573,7450,15,32,8080,0,0,10,0
8.5,6425,7258,16,31,80,0,0,7,0
5.37,6993,7061,15,20,22,0,0,10,0
3.5,3332,8025,20,28,8080,0,0,6,0
0.08,175,137,3,1,13303,1,0,158,1
4.34,4458,8165,17,18,80,0,0,10,0
11.37,6501,5051,15,41,3306,0,0,10,0
2.23,3458,9656,17,41,3306,0,0,8,0
7.19,4162,8308,24,23,80,0,0,11,0
0.54,3641,12368,16,27,80,1,0,9,0
1.91,7423,7870,13,23,8080,0,0,5,0
0.88,5766,6615,19,30,80,1,0,11,0
2.71,3613,5134,12,32,3306,0,0,14,0
5.6,5903,9366,24,37,22,1,0,13,0
2.78,7255,8831,14,9,443,0,0,15,0
0.35,3900,4882,20,22,22,0,0,12,0
1.22,7154,12045,32,27,22,0,0,10,0
2.0,455,270,4,4,22,0,21,26,1
5.7,6567,7742,14,35,22,0,0,8,0
3.63,7284,8798,17,34,8080,0,0,11,0
3.97,5674,10467,16,22,3306,0,0,3,0
1.15,3050,7769,19,46,3306,0,0,11,0
6.32,1809,9072,21,28,53,1,0,14,0
1.94,2955,3147,24,30,8080,0,0,8,0
15.05,3759,13023,23,20,22,1,0,9,0
0.0,139,69,4,0,21488,1,0,145,1
0.84,4808,10150,17,26,53,0,0,7,0
2.55,6339,6164,18,29,80,0,0,9,0
0.71,3248,7716,15,27,3306,0,0,14,0
2.52,385,224,4,3,22,0,25,32,1
0.31,5303,9219,13,17,8080,1,0,11,0
9.37,1201,8012,28,44,8080,0,0,12,0
9.53,6135,5112,11,46,443,0,0,9,0
2.18,397,147,3,4,22,0,26,44,1
2.14,4503,8735,15,32,443,0,0,10,0
0.29,4202,6054,21,32,80,1,0,8,0
1.35,5398,9116,11,31,22,0,0,7,0
5.52,6096,5641,24,36,8080,0,0,7,0
3.38,4175,7161,13,36,80,0,0,10,0
0.95,4383,9992,18,35,80,0,0,10,0
7.78,7706,8487,17,1,53,0,0,5,0
0.75,4815,7557,12,24,53,0,0,7,0
2.86,4012,10508,17,28,443,2,0,13,0
5.72,5606,7426,23,43,3306,1,0,9,0
4.1,4634,4177,21,35,443,0,0,10,0
2.36,5294,8446,23,26,3306,0,0,4,0
6.59,6382,10360,25,16,3306,0,0,13,0
6.26,6769,8261,16,17,443,0,0,8,0
0.91,5700,9579,12,22,53,0,0,8,0
4.4,3763,7362,25,33,443,1,0,6,0
0.09,218,32,4,0,48259,0,0,149,1
4.83,5638,10243,13,28,443,1,0,10,0
0.02,94370,460,472,5,443,2,0,206,1
3.87,5210,8271,26,42,3306,0,0,9,0
3.44,7672,9008,22,39,3306,0,0,11,0
3.33,4375,7006,14,35,80,0,0,8,0
2.45,261,46,3,4,22,0,17,48,1
1.82,272,52,4,3,22,0,18,60,1
4.89,2179,7142,21,17,3306,0,0,7,0
3.76,3215,10623,22,33,53,0,0,11,0
10.28,3705,4835,26,32,3306,1,0,10,0
0.41,3655,8651,16,33,80,0,0,6,0
2.41,3207,5748,20,29,443,1,0,7,0
1.81,3625,7180,27,24,53,0,0,6,0
13.44,4203,9915,22,24,3306,0,0,9,0
4.94,3293,3960,24,34,53,0,0,10,0
15.4,5933,7773,19,29,53,0,0,15,0
0.95,4373,11615,14,29,3306,0,0,5,0
2.32,294,129,10,3,22,0,19,49,1
3.35,4999,6042,15,38,8080,2,0,11,0
2.2,3073,11273,28,30,443,1,0,14,0
3.4,6478,8425,27,46,8080,0,0,10,0
5.98,4550,9617,30,33,8080,0,0,3,0
0.07,4230,7254,14,28,443,0,0,9,0
2.91,5407,9217,16,32,53,0,0,15,0
1.96,4486,12370,12,30,80,0,0,11,0
10.33,4853,7309,15,24,443,0,0,10,0
0.34,6856,6772,18,41,3306,0,0,5,0
0.53,7418,8554,17,18,443,0,0,7,0
2.33,5932,7175,22,33,80,0,0,5,0
2.34,4655,10510,26,25,3306,0,0,2,0
2.8,4922,5441,12,30,3306,1,0,8,0
2.68,253,199,5,2,22,0,18,57,1
1.92,5558,8418,18,31,53,1,0,7,0
2.28,5255,6626,15,40,80,0,0,14,0
0.43,5823,6821,16,31,3306,1,0,11,0
4.42,5736,7484,17,35,8080,0,0,8,0
6.6,3792,11536,17,25,443,0,0,7,0
0.36,303,133,4,1,26908,0,0,166,1
2.76,4446,8454,30,29,3306,0,0,13,0
1.21,3461,9107,21,15,3306,0,0,5,0
1.85,2981,5960,21,25,53,1,0,8,0
5.12,4892,5692,13,39,22,0,0,5,0
3.94,4779,9289,11,22,443,0,0,10,0
5.14,4018,10505,26,36,53,0,0,11,0
0.02,178,181,1,0,61595,1,0,165,1
1.18,89557,257,481,7,443,2,0,146,1
1.72,510,41,2,2,22,0,20,56,1
6.3,6018,4002,15,34,443,0,0,10,0
8.42,3155,9343,15,34,53,0,0,13,0
5.58,5890,7205,24,42,53,0,0,5,0
16.5,5904,6068,21,23,443,0,0,9,0
2.66,4485,3219,12,33,53,1,0,15,0
2.17,3900,8401,23,46,3306,0,0,11,0
2.04,5551,8162,10,38,8080,0,0,9,0
5.52,4495,7955,19,29,443,1,0,3,0
0.02,87999,487,498,6,443,1,0,219,1
5.98,5373,9154,18,43,53,1,0,13,0
11.99,6943,10585,19,36,53,0,0,8,0
1.65,5448,6028,19,31,53,2,0,9,0
0.8,84730,573,439,3,80,0,0,221,1
16.48,5844,5907,20,32,22,1,0,10,0
1.62,3766,9864,20,37,8080,0,0,14,0
1.66,5745,11056,16,40,80,0,0,9,0
0.0,191,120,3,1,40567,1,0,113,1
6.81,5632,10011,23,36,53,0,0,5,0
0.0,261,51,1,1,44238,1,0,195,1
4.41,4210,10050,19,19,22,2,0,6,0
2.43,4335,10192,17,35,80,0,0,7,0
0.14,5846,4437,16,23,53,2,0,11,0
6.08,4978,9699,18,27,22,0,0,7,0
1.0,6287,10904,21,33,22,0,0,4,0
0.55,4906,9595,19,32,53,0,0,3,0
3.39,3774,6740,12,41,53,0,0,9,0
3.66,2438,8064,8,33,8080,0,0,12,0
2.37,190,118,5,5,22,0,21,36,1
0.48,4152,7885,15,39,8080,1,0,6,0
8.11,3141,8420,17,25,53,0,0,8,0
0.44,2254,7103,13,24,53,0,0,9,0
5.0,6271,3734,21,32,22,0,0,8,0
3.96,4943,9687,19,46,3306,0,0,10,0
2.05,3121,8467,18,30,80,0,0,10,0
3.66,4567,8683,25,29,53,0,0,12,0
1.5,4546,6847,21,30,53,1,0,4,0
1.76,4924,6831,17,39,8080,1,0,10,0
0.73,3468,9457,16,38,8080,1,0,7,0
13.52,4908,2936,16,35,8080,0,0,10,0
0.03,200,63,2,0,54680,0,0,143,1
16.85,5264,6608,16,21,8080,0,0,10,0
0.81,4419,9801,23,28,8080,1,0,13,0
7.99,1267,5527,13,29,53,0,0,7,0
1.35,5960,8165,26,28,3306,0,0,6,0
0.24,235,114,3,1,42306,0,0,157,1
4.99,7772,8422,13,33,53,1,0,7,0
0.28,85857,708,565,5,443,2,0,198,1
15.39,6007,7518,20,26,3306,0,0,13,0
0.59,89755,640,537,1,443,2,0,207,1
0.93,5031,8172,16,25,8080,2,0,14,0
0.55,4191,8958,15,35,80,0,0,8,0
0.02,266,120,4,1,12094,0,0,119,1
0.6,103233,486,565,6,80,1,0,228,1
4.5,4037,1984,18,47,53,0,0,7,0
8.12,6800,6012,21,29,3306,1,0,9,0
3.27,2108,7440,17,32,8080,0,0,11,0
7.66,3117,8221,22,33,53,0,0,11,0
0.73,6111,11259,18,22,22,0,0,6,0
1.38,4746,9042,15,28,22,2,0,12,0
5.41,5687,4385,14,26,3306,0,0,6,0
1.52,5910,9527,19,31,53,0,0,7,0
0.55,90649,392,540,4,443,2,0,243,1
2.7,7549,6641,16,21,22,0,0,12,0
3.75,7700,6437,25,20,443,0,0,12,0
3.92,2745,6414,17,38,8080,1,0,8,0
2.13,394,155,2,3,22,0,19,54,1
0.75,2965,8388,18,41,53,0,0,8,0
0.63,3855,5188,22,33,8080,0,0,9,0
0.54,4497,6418,24,31,8080,0,0,10,0
1.91,275,243,4,4,22,0,18,53,1
2.42,6867,8531,22,23,80,0,0,7,0
1.25,5682,7494,21,31,80,0,0,13,0
0.04,5027,11215,18,34,80,0,0,10,0
8.61,6168,7785,19,19,443,2,0,10,0
9.9,3117,10405,21,16,80,1,0,8,0
2.7,3644,8357,14,28,22,0,0,14,0
0.12,243,102,3,0,63282,1,0,152,1
3.93,5088,9431,28,29,22,0,0,10,0
2.2,3148,4312,23,40,22,2,0,9,0
17.24,5892,7468,19,13,22,2,0,12,0
1.68,5953,6964,19,46,80,0,0,11,0
0.04,236,105,1,1,57227,0,0,132,1
24.45,4385,6729,20,22,22,1,0,12,0
0.97,2891,7930,15,28,8080,0,0,10,0
6.43,4505,10942,23,16,80,2,0,19,0
8.06,4116,3643,20,27,22,0,0,4,0
7.47,3316,5883,10,21,22,0,0,4,0
